timestamp,event_type,service_name,request_index,failed,request_duration_ms,resource_usage_percent,mean_request_duration_ms,mean_resource_usage_percent
2026-05-04T08:40:49.550+00:00,request,ServiceA,856,0,2933.026,0.0,2933.026,0.0
2026-05-04T08:40:49.628+00:00,request,ServiceA,311,0,2577.104,0.0,2755.065,0.0
2026-05-04T08:40:49.833+00:00,request,ServiceA,177,0,3208.771,0.0,2906.3,0.0
2026-05-04T08:40:50.180+00:00,request,ServiceA,962,0,3676.622,0.0,3098.881,0.0
2026-05-04T08:40:50.368+00:00,request,ServiceA,966,0,3240.015,0.0,3127.108,0.0
2026-05-04T08:40:50.381+00:00,request,ServiceA,956,0,3234.521,0.0,3145.01,0.0
2026-05-04T08:40:50.383+00:00,request,ServiceA,153,0,3253.252,0.0,3160.473,0.0
2026-05-04T08:40:50.536+00:00,request,ServiceA,564,0,3484.309,0.0,3200.953,0.0
2026-05-04T08:40:50.537+00:00,request,ServiceA,133,0,3452.967,0.0,3228.954,0.0
2026-05-04T08:40:50.647+00:00,request,ServiceA,688,0,4128.154,0.0,3318.874,0.0
2026-05-04T08:40:50.721+00:00,request,ServiceA,522,0,3322.168,0.0,3319.174,0.0
2026-05-04T08:40:50.724+00:00,request,ServiceA,816,0,4017.387,0.0,3377.358,0.0
2026-05-04T08:40:51.117+00:00,request,ServiceA,370,0,4514.766,0.0,3464.851,0.0
2026-05-04T08:40:51.118+00:00,request,ServiceA,584,0,4238.392,0.0,3520.104,0.0
2026-05-04T08:40:51.228+00:00,request,ServiceA,351,0,4691.155,0.0,3598.174,0.0
2026-05-04T08:40:51.229+00:00,request,ServiceA,722,0,4728.839,0.0,3668.841,0.0
2026-05-04T08:40:51.245+00:00,request,ServiceA,989,0,4619.602,0.0,3724.768,0.0
2026-05-04T08:40:51.367+00:00,request,ServiceA,258,0,4758.276,0.0,3782.185,0.0
2026-05-04T08:40:51.665+00:00,request,ServiceA,322,0,4863.834,0.0,3839.114,0.0
2026-05-04T08:40:51.690+00:00,request,ServiceA,291,0,4479.9,0.0,3871.153,0.0
2026-05-04T08:40:51.789+00:00,request,ServiceA,984,0,5172.531,0.0,3933.123,0.0
2026-05-04T08:40:51.804+00:00,request,ServiceA,38,0,5021.553,0.0,3982.597,0.0
2026-05-04T08:40:51.804+00:00,request,ServiceA,35,0,4609.939,0.0,4009.873,0.0
2026-05-04T08:40:51.853+00:00,request,ServiceA,836,0,4321.778,0.0,4022.869,0.0
2026-05-04T08:40:51.896+00:00,request,ServiceA,969,0,5359.822,0.0,4076.347,0.0
2026-05-04T08:40:51.939+00:00,request,ServiceA,889,0,5106.865,0.0,4115.983,0.0
2026-05-04T08:40:51.979+00:00,request,ServiceA,602,0,4452.248,0.0,4128.437,0.0
2026-05-04T08:40:51.988+00:00,request,ServiceA,307,0,2076.037,0.0,4055.137,0.0
2026-05-04T08:40:52.010+00:00,request,ServiceA,818,0,5003.884,0.0,4087.852,0.0
2026-05-04T08:40:52.118+00:00,request,ServiceA,192,0,5072.799,0.0,4120.684,0.0
2026-05-04T08:40:52.164+00:00,request,ServiceA,336,0,5457.983,0.0,4163.823,0.0
2026-05-04T08:40:52.165+00:00,request,ServiceA,531,0,5678.158,0.0,4211.145,0.0
2026-05-04T08:40:52.273+00:00,request,ServiceA,821,0,5786.409,0.0,4258.881,0.0
2026-05-04T08:40:52.381+00:00,request,ServiceA,737,0,5877.923,0.0,4306.5,0.0
2026-05-04T08:40:52.412+00:00,request,ServiceA,503,0,5925.289,0.0,4352.751,0.0
2026-05-04T08:40:52.413+00:00,request,ServiceA,128,0,5299.668,0.0,4379.054,0.0
2026-05-04T08:40:52.458+00:00,request,ServiceA,206,0,4775.427,0.0,4389.767,0.0
2026-05-04T08:40:52.474+00:00,request,ServiceA,405,0,4617.165,0.0,4395.751,0.0
2026-05-04T08:40:52.503+00:00,request,ServiceA,751,0,5387.785,0.0,4421.188,0.0
2026-05-04T08:40:52.504+00:00,request,ServiceA,337,0,5721.478,0.0,4453.695,0.0
2026-05-04T08:40:52.565+00:00,request,ServiceA,135,0,5355.88,0.0,4475.699,0.0
2026-05-04T08:40:52.566+00:00,request,ServiceA,189,0,5782.335,0.0,4506.81,0.0
2026-05-04T08:40:52.595+00:00,request,ServiceA,769,0,5433.543,0.0,4528.362,0.0
2026-05-04T08:40:52.596+00:00,request,ServiceA,31,0,4940.635,0.0,4537.732,0.0
2026-05-04T08:40:52.613+00:00,request,ServiceA,986,0,6067.425,0.0,4571.725,0.0
2026-05-04T08:40:52.688+00:00,request,ServiceA,21,0,5605.994,0.0,4594.209,0.0
2026-05-04T08:40:52.703+00:00,request,ServiceA,467,0,6008.64,0.0,4624.303,0.0
2026-05-04T08:40:52.703+00:00,request,ServiceA,548,0,4954.63,0.0,4631.185,0.0
2026-05-04T08:40:52.722+00:00,request,ServiceA,633,0,6253.089,0.0,4664.285,0.0
2026-05-04T08:40:52.763+00:00,request,ServiceA,754,0,6025.392,0.0,4691.507,0.0
2026-05-04T08:40:52.794+00:00,request,ServiceA,823,0,6025.628,0.0,4717.666,0.0
2026-05-04T08:40:52.855+00:00,request,ServiceA,626,0,5803.758,0.0,4738.553,0.0
2026-05-04T08:40:52.856+00:00,request,ServiceA,320,0,5990.889,0.0,4762.182,0.0
2026-05-04T08:40:52.879+00:00,request,ServiceA,567,0,6108.796,0.0,4787.119,0.0
2026-05-04T08:40:52.882+00:00,request,ServiceA,374,0,5814.093,0.0,4805.791,0.0
2026-05-04T08:40:52.916+00:00,request,ServiceA,465,0,6447.134,0.0,4835.101,0.0
2026-05-04T08:40:53.331+00:00,request,ServiceA,156,0,6801.708,0.0,4869.603,0.0
2026-05-04T08:40:53.630+00:00,request,ServiceA,257,0,5392.224,0.0,4878.614,0.0
2026-05-04T08:40:53.738+00:00,request,ServiceA,145,1,2589.161,0.0,4839.809,0.0
2026-05-04T08:40:53.738+00:00,request,ServiceA,641,1,7207.634,0.0,4879.273,0.0
2026-05-04T08:40:53.739+00:00,request,ServiceA,338,1,5452.328,0.0,4888.667,0.0
2026-05-04T08:40:53.898+00:00,request,ServiceA,11,1,6861.63,0.0,4920.489,0.0
2026-05-04T08:40:53.898+00:00,request,ServiceA,993,1,4142.579,0.0,4908.142,0.0
2026-05-04T08:40:53.898+00:00,request,ServiceA,529,1,5556.692,0.0,4918.275,0.0
2026-05-04T08:40:53.899+00:00,request,ServiceA,481,1,6862.422,0.0,4948.185,0.0
2026-05-04T08:40:53.899+00:00,request,ServiceA,425,1,3301.569,0.0,4923.236,0.0
2026-05-04T08:40:53.930+00:00,request,ServiceA,453,1,7443.281,0.0,4960.849,0.0
2026-05-04T08:40:53.930+00:00,request,ServiceA,597,1,6641.501,0.0,4985.565,0.0
2026-05-04T08:40:53.931+00:00,request,ServiceA,897,1,7320.703,0.0,5019.407,0.0
2026-05-04T08:40:53.966+00:00,request,ServiceA,719,1,6393.234,0.0,5039.033,0.0
2026-05-04T08:40:53.967+00:00,request,ServiceA,352,1,6034.185,0.0,5053.049,0.0
2026-05-04T08:40:54.628+00:00,request,ServiceA,40,0,7843.452,0.0,5091.805,0.0
2026-05-04T08:40:54.942+00:00,request,ServiceA,554,1,3535.102,0.0,5070.48,0.0
2026-05-04T08:40:54.942+00:00,request,ServiceA,459,1,4406.62,0.0,5061.509,0.0
2026-05-04T08:40:54.943+00:00,request,ServiceA,198,1,5423.545,0.0,5066.336,0.0
2026-05-04T08:40:54.946+00:00,request,ServiceA,483,1,7815.572,0.0,5102.511,0.0
2026-05-04T08:40:54.946+00:00,request,ServiceA,514,1,6710.176,0.0,5123.389,0.0
2026-05-04T08:40:55.034+00:00,request,ServiceA,70,1,4556.585,0.0,5116.123,0.0
2026-05-04T08:40:55.034+00:00,request,ServiceA,173,1,3695.584,0.0,5098.141,0.0
2026-05-04T08:40:55.034+00:00,request,ServiceA,924,1,6374.239,0.0,5114.092,0.0
2026-05-04T08:40:55.035+00:00,request,ServiceA,22,1,5624.172,0.0,5120.39,0.0
2026-05-04T08:40:55.035+00:00,request,ServiceA,493,1,7194.106,0.0,5145.679,0.0
2026-05-04T08:40:55.035+00:00,request,ServiceA,990,1,3431.178,0.0,5125.022,0.0
2026-05-04T08:40:55.035+00:00,request,ServiceA,745,1,5820.397,0.0,5133.3,0.0
2026-05-04T08:40:55.041+00:00,request,ServiceA,679,1,8432.69,0.0,5172.117,0.0
2026-05-04T08:40:55.221+00:00,request,ServiceA,127,0,8736.696,0.0,5213.565,0.0
2026-05-04T08:40:55.344+00:00,resource,,,,,179.32,5213.565,179.32
2026-05-04T08:40:55.924+00:00,request,ServiceA,83,0,8761.374,179.32,5254.345,179.32
2026-05-04T08:40:56.321+00:00,request,ServiceA,202,0,7703.839,179.32,5282.18,179.32
2026-05-04T08:40:56.630+00:00,request,ServiceA,622,0,9925.366,179.32,5334.351,179.32
2026-05-04T08:40:56.630+00:00,request,ServiceA,936,0,9355.592,179.32,5379.031,179.32
2026-05-04T08:40:56.728+00:00,request,ServiceA,185,0,10069.817,179.32,5430.578,179.32
2026-05-04T08:40:56.936+00:00,request,ServiceA,387,0,10045.783,179.32,5480.743,179.32
2026-05-04T08:40:56.937+00:00,request,ServiceA,254,0,10402.279,179.32,5533.663,179.32
2026-05-04T08:40:56.945+00:00,request,ServiceA,53,0,10238.221,179.32,5583.712,179.32
2026-05-04T08:40:57.055+00:00,request,ServiceA,666,0,10286.404,179.32,5633.214,179.32
2026-05-04T08:40:57.059+00:00,request,ServiceA,333,0,10168.195,179.32,5680.453,179.32
2026-05-04T08:40:57.120+00:00,request,ServiceA,505,0,10271.355,179.32,5727.782,179.32
2026-05-04T08:40:57.153+00:00,request,ServiceA,37,0,9752.34,179.32,5768.849,179.32
2026-05-04T08:40:57.251+00:00,request,ServiceA,841,0,10088.391,179.32,5812.481,179.32
2026-05-04T08:40:57.252+00:00,request,ServiceA,799,0,10419.98,179.32,5858.556,179.32
2026-05-04T08:40:57.325+00:00,request,ServiceA,906,0,10825.649,179.32,5907.735,179.32
2026-05-04T08:40:57.325+00:00,request,ServiceA,117,0,10316.055,179.32,5950.954,179.32
2026-05-04T08:40:57.329+00:00,request,ServiceA,476,0,10764.433,179.32,5997.686,179.32
2026-05-04T08:40:57.333+00:00,request,ServiceA,594,0,10639.935,179.32,6042.323,179.32
2026-05-04T08:40:57.336+00:00,request,ServiceA,236,0,9805.906,179.32,6078.167,179.32
2026-05-04T08:40:57.338+00:00,request,ServiceA,10,0,10696.418,179.32,6121.735,179.32
2026-05-04T08:40:57.339+00:00,request,ServiceA,783,0,9926.774,179.32,6157.297,179.32
2026-05-04T08:40:57.339+00:00,request,ServiceA,64,0,10553.441,179.32,6198.002,179.32
2026-05-04T08:40:57.341+00:00,request,ServiceA,486,0,10571.916,179.32,6238.129,179.32
2026-05-04T08:40:57.342+00:00,request,ServiceA,104,0,10559.792,179.32,6277.417,179.32
2026-05-04T08:40:57.343+00:00,request,ServiceA,488,0,10211.236,179.32,6312.857,179.32
2026-05-04T08:40:57.343+00:00,request,ServiceA,741,0,10621.964,179.32,6351.331,179.32
2026-05-04T08:40:57.345+00:00,request,ServiceA,318,0,9028.78,179.32,6375.025,179.32
2026-05-04T08:40:57.345+00:00,request,ServiceA,464,0,10465.94,179.32,6410.911,179.32
2026-05-04T08:40:57.349+00:00,request,ServiceA,961,0,10911.362,179.32,6450.045,179.32
2026-05-04T08:40:57.362+00:00,request,ServiceA,408,0,10874.572,179.32,6488.187,179.32
2026-05-04T08:40:57.363+00:00,request,ServiceA,879,0,10579.284,179.32,6523.154,179.32
2026-05-04T08:40:57.365+00:00,request,ServiceA,348,0,10040.945,179.32,6552.966,179.32
2026-05-04T08:40:57.367+00:00,request,ServiceA,970,0,10867.069,179.32,6589.219,179.32
2026-05-04T08:40:57.425+00:00,request,ServiceA,944,0,9708.786,179.32,6615.215,179.32
2026-05-04T08:40:57.450+00:00,request,ServiceA,701,0,9940.3,179.32,6642.695,179.32
2026-05-04T08:40:57.529+00:00,request,ServiceA,987,0,10113.884,179.32,6671.148,179.32
2026-05-04T08:40:58.136+00:00,request,ServiceA,215,0,11023.252,179.32,6706.531,179.32
2026-05-04T08:40:58.229+00:00,request,ServiceA,557,0,8504.996,179.32,6721.034,179.32
2026-05-04T08:40:58.397+00:00,resource,,,,,148.58,6721.034,163.95
2026-05-04T08:40:58.436+00:00,request,ServiceA,867,0,11489.192,148.58,6759.18,163.95
2026-05-04T08:40:58.520+00:00,request,ServiceA,611,0,11530.623,148.58,6797.048,163.95
2026-05-04T08:40:58.527+00:00,request,ServiceA,764,0,11744.883,148.58,6836.007,163.95
2026-05-04T08:40:58.725+00:00,request,ServiceA,109,0,11435.585,148.58,6871.942,163.95
2026-05-04T08:40:58.934+00:00,request,ServiceA,717,0,12196.531,148.58,6913.218,163.95
2026-05-04T08:40:59.445+00:00,request,ServiceA,98,0,12281.52,148.58,6954.512,163.95
2026-05-04T08:40:59.517+00:00,request,ServiceA,430,0,12924.62,148.58,7000.086,163.95
2026-05-04T08:40:59.621+00:00,request,ServiceA,230,0,12364.29,148.58,7040.723,163.95
2026-05-04T08:40:59.628+00:00,request,ServiceA,765,0,12717.381,148.58,7083.405,163.95
2026-05-04T08:40:59.926+00:00,request,ServiceA,579,0,13189.429,148.58,7128.972,163.95
2026-05-04T08:41:00.042+00:00,request,ServiceA,210,0,12878.722,148.58,7171.563,163.95
2026-05-04T08:41:00.117+00:00,request,ServiceA,303,0,12561.558,148.58,7211.195,163.95
2026-05-04T08:41:00.123+00:00,request,ServiceA,747,0,13398.909,148.58,7256.361,163.95
2026-05-04T08:41:00.129+00:00,request,ServiceA,698,0,12963.033,148.58,7297.714,163.95
2026-05-04T08:41:00.138+00:00,request,ServiceA,310,0,12927.213,148.58,7338.214,163.95
2026-05-04T08:41:00.313+00:00,request,ServiceA,45,0,12879.812,148.58,7377.797,163.95
2026-05-04T08:41:00.316+00:00,request,ServiceA,768,0,13796.392,148.58,7423.319,163.95
2026-05-04T08:41:00.537+00:00,request,ServiceA,894,0,13753.391,148.58,7467.897,163.95
2026-05-04T08:41:00.636+00:00,request,ServiceA,130,0,13740.896,148.58,7511.764,163.95
2026-05-04T08:41:00.636+00:00,request,ServiceA,686,0,12118.127,148.58,7543.752,163.95
2026-05-04T08:41:00.638+00:00,request,ServiceA,968,0,12876.569,148.58,7580.531,163.95
2026-05-04T08:41:00.732+00:00,request,ServiceA,863,0,14245.672,148.58,7626.182,163.95
2026-05-04T08:41:00.738+00:00,request,ServiceA,114,0,11435.44,148.58,7652.095,163.95
2026-05-04T08:41:01.030+00:00,request,ServiceA,487,0,13235.627,148.58,7689.822,163.95
2026-05-04T08:41:01.136+00:00,request,ServiceA,207,0,13627.297,148.58,7729.671,163.95
2026-05-04T08:41:01.339+00:00,request,ServiceA,800,0,13577.743,148.58,7768.658,163.95
2026-05-04T08:41:01.419+00:00,request,ServiceA,50,0,14817.278,148.58,7815.338,163.95
2026-05-04T08:41:01.811+00:00,request,ServiceA,882,0,15273.374,148.58,7864.404,163.95
2026-05-04T08:41:01.841+00:00,request,ServiceA,323,0,14345.245,148.58,7906.762,163.95
2026-05-04T08:41:02.129+00:00,resource,,,,,144.14,7906.762,157.347
2026-05-04T08:41:02.324+00:00,request,ServiceA,474,0,15241.115,144.14,7954.388,157.347
2026-05-04T08:41:02.523+00:00,request,ServiceA,102,0,16007.796,144.14,8006.345,157.347
2026-05-04T08:41:02.609+00:00,request,ServiceA,289,0,16073.329,144.14,8058.057,157.347
2026-05-04T08:41:02.615+00:00,request,ServiceA,218,0,15847.152,144.14,8107.669,157.347
2026-05-04T08:41:02.628+00:00,request,ServiceA,213,0,15654.553,144.14,8155.434,157.347
2026-05-04T08:41:02.636+00:00,request,ServiceA,3,0,16214.166,144.14,8206.118,157.347
2026-05-04T08:41:02.820+00:00,request,ServiceA,460,0,15139.197,144.14,8249.449,157.347
2026-05-04T08:41:02.823+00:00,request,ServiceA,223,0,16319.159,144.14,8299.572,157.347
2026-05-04T08:41:02.827+00:00,request,ServiceA,359,0,14860.475,144.14,8340.071,157.347
2026-05-04T08:41:02.833+00:00,request,ServiceA,463,0,16329.135,144.14,8389.084,157.347
2026-05-04T08:41:02.835+00:00,request,ServiceA,81,0,16049.761,144.14,8435.795,157.347
2026-05-04T08:41:02.840+00:00,request,ServiceA,356,0,15442.553,144.14,8478.261,157.347
2026-05-04T08:41:02.841+00:00,request,ServiceA,884,0,16338.024,144.14,8525.609,157.347
2026-05-04T08:41:02.842+00:00,request,ServiceA,57,0,14970.792,144.14,8564.202,157.347
2026-05-04T08:41:02.910+00:00,request,ServiceA,77,0,15457.892,144.14,8605.236,157.347
2026-05-04T08:41:02.925+00:00,request,ServiceA,833,0,16076.604,144.14,8649.446,157.347
2026-05-04T08:41:03.025+00:00,request,ServiceA,699,0,16038.064,144.14,8692.908,157.347
2026-05-04T08:41:03.121+00:00,request,ServiceA,840,0,16308.462,144.14,8737.443,157.347
2026-05-04T08:41:03.134+00:00,request,ServiceA,983,0,15967.402,144.14,8779.478,157.347
2026-05-04T08:41:03.447+00:00,request,ServiceA,685,1,16927.877,144.14,8826.579,157.347
2026-05-04T08:41:03.447+00:00,request,ServiceA,933,1,16901.149,144.14,8872.984,157.347
2026-05-04T08:41:03.839+00:00,request,ServiceA,140,0,15998.468,144.14,8913.701,157.347
2026-05-04T08:41:03.929+00:00,request,ServiceA,830,0,14860.83,144.14,8947.492,157.347
2026-05-04T08:41:03.942+00:00,request,ServiceA,164,0,17332.333,144.14,8994.864,157.347
2026-05-04T08:41:04.019+00:00,request,ServiceA,124,1,17534.711,144.14,9042.84,157.347
2026-05-04T08:41:04.019+00:00,request,ServiceA,513,1,17409.897,144.14,9089.584,157.347
2026-05-04T08:41:04.124+00:00,request,ServiceA,262,0,16454.739,144.14,9130.501,157.347
2026-05-04T08:41:04.133+00:00,request,ServiceA,985,0,17633.272,144.14,9177.478,157.347
2026-05-04T08:41:04.319+00:00,request,ServiceA,604,0,16994.569,144.14,9220.429,157.347
2026-05-04T08:41:04.321+00:00,request,ServiceA,885,0,16765.732,144.14,9261.66,157.347
2026-05-04T08:41:04.325+00:00,request,ServiceA,71,0,16251.588,144.14,9299.649,157.347
2026-05-04T08:41:04.452+00:00,request,ServiceA,571,1,17406.693,144.14,9343.471,157.347
2026-05-04T08:41:04.453+00:00,request,ServiceA,367,1,16691.905,144.14,9382.978,157.347
2026-05-04T08:41:04.453+00:00,request,ServiceA,929,1,17917.453,144.14,9428.617,157.347
2026-05-04T08:41:04.740+00:00,request,ServiceA,843,0,17861.117,144.14,9473.471,157.347
2026-05-04T08:41:04.754+00:00,request,ServiceA,689,1,16787.799,144.14,9512.171,157.347
2026-05-04T08:41:04.755+00:00,request,ServiceA,229,1,18126.597,144.14,9557.51,157.347
2026-05-04T08:41:04.933+00:00,request,ServiceA,621,0,18331.158,144.14,9603.446,157.347
2026-05-04T08:41:05.218+00:00,request,ServiceA,561,0,18703.485,144.14,9650.842,157.347
2026-05-04T08:41:05.225+00:00,request,ServiceA,44,0,17369.76,144.14,9690.836,157.347
2026-05-04T08:41:05.230+00:00,request,ServiceA,419,0,18692.855,144.14,9737.238,157.347
2026-05-04T08:41:05.241+00:00,request,ServiceA,573,0,18758.821,144.14,9783.503,157.347
2026-05-04T08:41:05.244+00:00,request,ServiceA,609,1,18115.93,144.14,9826.015,157.347
2026-05-04T08:41:05.263+00:00,request,ServiceA,485,1,18211.556,144.14,9868.581,157.347
2026-05-04T08:41:05.266+00:00,request,ServiceA,981,1,18260.494,144.14,9910.965,157.347
2026-05-04T08:41:05.267+00:00,request,ServiceA,730,1,18120.134,144.14,9952.217,157.347
2026-05-04T08:41:05.269+00:00,request,ServiceA,4,1,18847.16,144.14,9996.692,157.347
2026-05-04T08:41:05.272+00:00,request,ServiceA,470,1,15045.092,144.14,10021.808,157.347
2026-05-04T08:41:05.273+00:00,request,ServiceA,964,1,18377.298,144.14,10063.172,157.347
2026-05-04T08:41:05.274+00:00,request,ServiceA,926,1,17591.848,144.14,10100.259,157.347
2026-05-04T08:41:05.274+00:00,request,ServiceA,168,1,18649.811,144.14,10142.168,157.347
2026-05-04T08:41:05.275+00:00,request,ServiceA,120,1,17985.298,144.14,10180.428,157.347
2026-05-04T08:41:05.275+00:00,request,ServiceA,752,1,18222.415,144.14,10219.466,157.347
2026-05-04T08:41:05.323+00:00,request,ServiceA,958,0,18777.507,144.14,10260.81,157.347
2026-05-04T08:41:05.331+00:00,request,ServiceA,284,0,18279.729,144.14,10299.362,157.347
2026-05-04T08:41:05.339+00:00,request,ServiceA,138,0,18793.649,144.14,10340.005,157.347
2026-05-04T08:41:05.427+00:00,request,ServiceA,386,1,18689.783,144.14,10379.765,157.347
2026-05-04T08:41:05.531+00:00,request,ServiceA,5,1,19108.675,144.14,10421.135,157.347
2026-05-04T08:41:05.532+00:00,request,ServiceA,909,1,18923.112,144.14,10461.238,157.347
2026-05-04T08:41:05.533+00:00,request,ServiceA,402,0,17975.274,144.14,10496.516,157.347
2026-05-04T08:41:05.537+00:00,request,ServiceA,60,1,19050.421,144.14,10536.487,157.347
2026-05-04T08:41:05.542+00:00,request,ServiceA,913,0,18413.686,144.14,10573.125,157.347
2026-05-04T08:41:05.551+00:00,request,ServiceA,358,1,18767.011,144.14,10611.06,157.347
2026-05-04T08:41:05.635+00:00,request,ServiceA,183,1,14987.692,144.14,10631.229,157.347
2026-05-04T08:41:05.635+00:00,request,ServiceA,950,1,19191.861,144.14,10670.498,157.347
2026-05-04T08:41:05.639+00:00,request,ServiceA,583,0,18973.144,144.14,10708.409,157.347
2026-05-04T08:41:05.641+00:00,request,ServiceA,360,0,19142.94,144.14,10746.748,157.347
2026-05-04T08:41:05.677+00:00,request,ServiceA,810,1,18589.867,144.14,10782.237,157.347
2026-05-04T08:41:05.710+00:00,request,ServiceA,980,0,18258.134,144.14,10815.912,157.347
2026-05-04T08:41:05.737+00:00,request,ServiceA,265,0,18731.155,144.14,10851.407,157.347
2026-05-04T08:41:05.761+00:00,request,ServiceA,334,1,17462.591,144.14,10880.921,157.347
2026-05-04T08:41:05.816+00:00,request,ServiceA,171,0,18951.618,144.14,10916.791,157.347
2026-05-04T08:41:05.841+00:00,request,ServiceA,538,0,18064.192,144.14,10948.416,157.347
2026-05-04T08:41:05.904+00:00,resource,,,,,156.72,10948.416,157.19
2026-05-04T08:41:06.050+00:00,request,ServiceA,25,1,19392.953,156.72,10985.617,157.19
2026-05-04T08:41:06.050+00:00,request,ServiceA,172,1,18273.176,156.72,11017.58,157.19
2026-05-04T08:41:06.057+00:00,request,ServiceA,413,1,18375.169,156.72,11049.709,157.19
2026-05-04T08:41:06.059+00:00,request,ServiceA,734,1,16647.763,156.72,11074.049,157.19
2026-05-04T08:41:06.059+00:00,request,ServiceA,877,1,18955.758,156.72,11108.169,157.19
2026-05-04T08:41:06.127+00:00,request,ServiceA,502,0,18570.626,156.72,11140.334,157.19
2026-05-04T08:41:06.130+00:00,request,ServiceA,533,0,19642.147,156.72,11176.823,157.19
2026-05-04T08:41:06.131+00:00,request,ServiceA,95,0,18463.871,156.72,11207.964,157.19
2026-05-04T08:41:06.210+00:00,request,ServiceA,887,0,18243.975,156.72,11237.904,157.19
2026-05-04T08:41:06.237+00:00,request,ServiceA,607,1,19451.126,156.72,11272.706,157.19
2026-05-04T08:41:06.275+00:00,request,ServiceA,52,1,19666.841,156.72,11308.125,157.19
2026-05-04T08:41:06.276+00:00,request,ServiceA,209,1,19490.916,156.72,11342.506,157.19
2026-05-04T08:41:06.277+00:00,request,ServiceA,774,1,19205.471,156.72,11375.405,157.19
2026-05-04T08:41:06.278+00:00,request,ServiceA,20,1,19320.649,156.72,11408.511,157.19
2026-05-04T08:41:06.283+00:00,request,ServiceA,141,1,19406.344,156.72,11441.697,157.19
2026-05-04T08:41:06.283+00:00,request,ServiceA,267,1,19183.891,156.72,11473.689,157.19
2026-05-04T08:41:06.284+00:00,request,ServiceA,16,1,19073.006,156.72,11504.962,157.19
2026-05-04T08:41:06.285+00:00,request,ServiceA,963,1,19786.147,156.72,11538.901,157.19
2026-05-04T08:41:06.413+00:00,request,ServiceA,524,0,19015.164,156.72,11569.417,157.19
2026-05-04T08:41:06.548+00:00,request,ServiceA,401,0,19616.551,156.72,11602.129,157.19
2026-05-04T08:41:06.612+00:00,request,ServiceA,426,0,19906.413,156.72,11635.749,157.19
2026-05-04T08:41:06.628+00:00,request,ServiceA,63,0,19671.063,156.72,11668.15,157.19
2026-05-04T08:41:06.631+00:00,request,ServiceA,865,0,20084.228,156.72,11701.949,157.19
2026-05-04T08:41:06.744+00:00,request,ServiceA,27,1,17441.745,156.72,11724.908,157.19
2026-05-04T08:41:06.767+00:00,request,ServiceA,519,1,18942.343,156.72,11753.663,157.19
2026-05-04T08:41:06.769+00:00,request,ServiceA,260,1,19638.251,156.72,11784.951,157.19
2026-05-04T08:41:06.769+00:00,request,ServiceA,279,1,18880.25,156.72,11812.996,157.19
2026-05-04T08:41:06.771+00:00,request,ServiceA,515,1,19781.265,156.72,11844.367,157.19
2026-05-04T08:41:06.771+00:00,request,ServiceA,646,1,19560.158,156.72,11874.625,157.19
2026-05-04T08:41:07.038+00:00,request,ServiceA,900,0,20501.224,156.72,11908.323,157.19
2026-05-04T08:41:07.043+00:00,request,ServiceA,767,1,20434.817,156.72,11941.5,157.19
2026-05-04T08:41:07.046+00:00,request,ServiceA,578,1,20044.273,156.72,11972.906,157.19
2026-05-04T08:41:07.047+00:00,request,ServiceA,568,1,19963.286,156.72,12003.757,157.19
2026-05-04T08:41:07.053+00:00,request,ServiceA,893,1,19338.743,156.72,12031.968,157.19
2026-05-04T08:41:07.056+00:00,request,ServiceA,606,1,20320.278,156.72,12063.724,157.19
2026-05-04T08:41:07.057+00:00,request,ServiceA,435,1,20441.016,156.72,12095.699,157.19
2026-05-04T08:41:07.134+00:00,request,ServiceA,396,0,19956.103,156.72,12125.586,157.19
2026-05-04T08:41:07.145+00:00,request,ServiceA,755,0,20155.291,156.72,12156.002,157.19
2026-05-04T08:41:07.227+00:00,request,ServiceA,967,0,20682.376,156.72,12188.177,157.19
2026-05-04T08:41:07.229+00:00,request,ServiceA,643,0,20286.345,156.72,12218.621,157.19
2026-05-04T08:41:07.641+00:00,request,ServiceA,839,0,20904.239,156.72,12251.151,157.19
2026-05-04T08:41:07.649+00:00,request,ServiceA,88,0,21068.691,156.72,12284.052,157.19
2026-05-04T08:41:07.733+00:00,request,ServiceA,806,1,20224.36,156.72,12313.57,157.19
2026-05-04T08:41:07.742+00:00,request,ServiceA,660,0,20246.757,156.72,12342.953,157.19
2026-05-04T08:41:07.745+00:00,request,ServiceA,295,1,21008.599,156.72,12374.929,157.19
2026-05-04T08:41:07.834+00:00,request,ServiceA,614,0,20639.341,156.72,12405.313,157.19
2026-05-04T08:41:07.842+00:00,request,ServiceA,725,1,17665.14,156.72,12424.58,157.19
2026-05-04T08:41:07.842+00:00,request,ServiceA,610,1,20697.686,156.72,12454.774,157.19
2026-05-04T08:41:07.843+00:00,request,ServiceA,570,1,19056.403,156.72,12478.779,157.19
2026-05-04T08:41:07.845+00:00,request,ServiceA,925,1,21264.744,156.72,12510.613,157.19
2026-05-04T08:41:07.931+00:00,request,ServiceA,886,0,21401.383,156.72,12542.709,157.19
2026-05-04T08:41:08.241+00:00,request,ServiceA,59,0,20463.684,156.72,12571.202,157.19
2026-05-04T08:41:08.244+00:00,request,ServiceA,263,1,21506.828,156.72,12603.229,157.19
2026-05-04T08:41:08.314+00:00,request,ServiceA,693,0,20443.601,156.72,12631.231,157.19
2026-05-04T08:41:08.321+00:00,request,ServiceA,421,0,21802.048,156.72,12663.867,157.19
2026-05-04T08:41:08.323+00:00,request,ServiceA,901,0,21761.423,156.72,12696.128,157.19
2026-05-04T08:41:08.330+00:00,request,ServiceA,595,0,21115.457,156.72,12725.878,157.19
2026-05-04T08:41:08.435+00:00,request,ServiceA,15,0,19727.687,156.72,12750.532,157.19
2026-05-04T08:41:08.510+00:00,request,ServiceA,681,0,18440.568,156.72,12770.497,157.19
2026-05-04T08:41:08.529+00:00,request,ServiceA,468,0,20798.913,156.72,12798.569,157.19
2026-05-04T08:41:08.621+00:00,request,ServiceA,682,1,22059.721,156.72,12830.838,157.19
2026-05-04T08:41:08.824+00:00,request,ServiceA,523,1,22166.934,156.72,12863.255,157.19
2026-05-04T08:41:08.835+00:00,request,ServiceA,36,0,21088.927,156.72,12891.717,157.19
2026-05-04T08:41:08.948+00:00,resource,,,,,144.84,12891.717,154.72
2026-05-04T08:41:09.134+00:00,request,ServiceA,308,1,22050.041,144.84,12923.298,154.72
2026-05-04T08:41:09.141+00:00,request,ServiceA,266,0,22500.149,144.84,12956.208,154.72
2026-05-04T08:41:09.214+00:00,request,ServiceA,106,0,21978.721,144.84,12987.107,154.72
2026-05-04T08:41:09.235+00:00,request,ServiceA,941,0,20371.289,144.84,13012.309,154.72
2026-05-04T08:41:09.316+00:00,request,ServiceA,631,0,22468.515,144.84,13044.473,154.72
2026-05-04T08:41:09.532+00:00,request,ServiceA,216,0,19306.279,144.84,13065.699,154.72
2026-05-04T08:41:09.612+00:00,request,ServiceA,656,0,23142.74,144.84,13099.743,154.72
2026-05-04T08:41:09.722+00:00,request,ServiceA,932,1,21886.076,144.84,13129.327,154.72
2026-05-04T08:41:09.923+00:00,request,ServiceA,256,0,19572.78,144.84,13150.949,154.72
2026-05-04T08:41:09.938+00:00,request,ServiceA,638,0,23271.814,144.84,13184.798,154.72
2026-05-04T08:41:10.044+00:00,request,ServiceA,248,0,23528.328,144.84,13219.277,154.72
2026-05-04T08:41:10.110+00:00,request,ServiceA,721,0,20180.606,144.84,13242.404,154.72
2026-05-04T08:41:10.142+00:00,request,ServiceA,491,1,22034.579,144.84,13271.517,154.72
2026-05-04T08:41:10.228+00:00,request,ServiceA,477,0,22732.185,144.84,13302.74,154.72
2026-05-04T08:41:10.230+00:00,request,ServiceA,655,0,23774.464,144.84,13337.187,154.72
2026-05-04T08:41:10.318+00:00,request,ServiceA,740,0,21706.929,144.84,13364.629,154.72
2026-05-04T08:41:10.333+00:00,request,ServiceA,588,1,23907.925,144.84,13399.084,154.72
2026-05-04T08:41:10.334+00:00,request,ServiceA,329,1,23797.106,144.84,13432.954,154.72
2026-05-04T08:41:10.340+00:00,request,ServiceA,489,0,19143.322,144.84,13451.494,154.72
2026-05-04T08:41:10.413+00:00,request,ServiceA,241,0,23203.012,144.84,13483.052,154.72
2026-05-04T08:41:10.425+00:00,request,ServiceA,418,0,23653.989,144.84,13515.862,154.72
2026-05-04T08:41:10.720+00:00,request,ServiceA,458,0,23304.251,144.84,13547.336,154.72
2026-05-04T08:41:10.724+00:00,request,ServiceA,163,0,22064.222,144.84,13574.633,154.72
2026-05-04T08:41:10.735+00:00,request,ServiceA,7,0,24117.58,144.84,13608.317,154.72
2026-05-04T08:41:10.836+00:00,request,ServiceA,914,0,21926.33,144.84,13634.807,154.72
2026-05-04T08:41:10.912+00:00,request,ServiceA,115,0,23875.322,144.84,13667.317,154.72
2026-05-04T08:41:10.916+00:00,request,ServiceA,827,0,23232.373,144.84,13697.586,154.72
2026-05-04T08:41:11.023+00:00,request,ServiceA,301,1,24018.184,144.84,13730.143,154.72
2026-05-04T08:41:11.231+00:00,request,ServiceA,344,1,22556.373,144.84,13757.899,154.72
2026-05-04T08:41:11.237+00:00,request,ServiceA,580,0,24373.084,144.84,13791.175,154.72
2026-05-04T08:41:11.426+00:00,request,ServiceA,231,0,24922.514,144.84,13825.96,154.72
2026-05-04T08:41:11.431+00:00,request,ServiceA,250,0,23595.585,144.84,13856.395,154.72
2026-05-04T08:41:11.440+00:00,request,ServiceA,632,0,24273.04,144.84,13888.745,154.72
2026-05-04T08:41:11.516+00:00,request,ServiceA,623,0,21793.575,144.84,13913.218,154.72
2026-05-04T08:41:11.529+00:00,request,ServiceA,219,0,24905.07,144.84,13947.144,154.72
2026-05-04T08:41:11.533+00:00,request,ServiceA,335,0,21620.699,144.84,13970.755,154.72
2026-05-04T08:41:11.539+00:00,request,ServiceA,380,0,23463.428,144.84,13999.873,154.72
2026-05-04T08:41:11.541+00:00,request,ServiceA,410,0,23064.607,144.84,14027.594,154.72
2026-05-04T08:41:11.623+00:00,request,ServiceA,707,0,25185.02,144.84,14061.611,154.72
2026-05-04T08:41:11.628+00:00,request,ServiceA,1,0,25206.336,144.84,14095.485,154.72
2026-05-04T08:41:11.633+00:00,request,ServiceA,618,0,25103.0,144.84,14128.842,154.72
2026-05-04T08:41:11.718+00:00,request,ServiceA,918,1,24694.961,144.84,14160.763,154.72
2026-05-04T08:41:11.729+00:00,request,ServiceA,136,0,23763.455,144.84,14189.687,154.72
2026-05-04T08:41:11.732+00:00,request,ServiceA,244,0,23986.747,144.84,14219.108,154.72
2026-05-04T08:41:11.734+00:00,request,ServiceA,343,0,23073.172,144.84,14245.617,154.72
2026-05-04T08:41:11.825+00:00,request,ServiceA,437,0,24267.126,144.84,14275.532,154.72
2026-05-04T08:41:11.831+00:00,request,ServiceA,58,0,20026.062,144.84,14292.647,154.72
2026-05-04T08:41:11.840+00:00,request,ServiceA,235,0,24882.699,144.84,14324.071,154.72
2026-05-04T08:41:11.917+00:00,request,ServiceA,713,0,25479.957,144.84,14357.077,154.72
2026-05-04T08:41:11.918+00:00,request,ServiceA,940,0,25178.768,144.84,14388.999,154.72
2026-05-04T08:41:11.926+00:00,request,ServiceA,710,0,25439.065,144.84,14421.499,154.72
2026-05-04T08:41:11.927+00:00,request,ServiceA,715,0,25172.38,144.84,14453.027,154.72
2026-05-04T08:41:11.936+00:00,request,ServiceA,739,0,24962.58,144.84,14483.756,154.72
2026-05-04T08:41:12.035+00:00,request,ServiceA,541,0,25368.565,144.84,14515.491,154.72
2026-05-04T08:41:12.043+00:00,request,ServiceA,14,0,25163.712,144.84,14546.445,154.72
2026-05-04T08:41:12.112+00:00,request,ServiceA,589,0,25592.298,144.84,14578.462,154.72
2026-05-04T08:41:12.113+00:00,request,ServiceA,498,0,24982.298,144.84,14608.53,154.72
2026-05-04T08:41:12.123+00:00,request,ServiceA,645,0,25446.122,144.84,14639.763,154.72
2026-05-04T08:41:12.128+00:00,request,ServiceA,17,0,25344.516,144.84,14670.524,154.72
2026-05-04T08:41:12.140+00:00,request,ServiceA,640,0,25608.74,144.84,14701.865,154.72
2026-05-04T08:41:12.140+00:00,request,ServiceA,400,0,25291.403,144.84,14732.121,154.72
2026-05-04T08:41:12.319+00:00,request,ServiceA,406,0,25274.377,144.84,14762.156,154.72
2026-05-04T08:41:12.416+00:00,request,ServiceA,261,0,25710.803,144.84,14793.26,154.72
2026-05-04T08:41:12.432+00:00,request,ServiceA,848,0,25648.412,144.84,14824.011,154.72
2026-05-04T08:41:12.518+00:00,request,ServiceA,942,0,25229.43,144.84,14853.405,154.72
2026-05-04T08:41:12.523+00:00,request,ServiceA,395,0,21515.434,144.84,14872.171,154.72
2026-05-04T08:41:12.632+00:00,request,ServiceA,381,0,25052.667,144.84,14900.768,154.72
2026-05-04T08:41:12.640+00:00,request,ServiceA,670,0,25839.242,144.84,14931.408,154.72
2026-05-04T08:41:12.641+00:00,request,ServiceA,526,0,25554.325,144.84,14961.081,154.72
2026-05-04T08:41:12.682+00:00,resource,,,,,153.89,14961.081,154.582
2026-05-04T08:41:12.825+00:00,request,ServiceA,876,0,25541.806,153.89,14990.554,154.582
2026-05-04T08:41:12.826+00:00,request,ServiceA,378,0,24749.482,153.89,15017.662,154.582
2026-05-04T08:41:12.916+00:00,request,ServiceA,398,0,26353.847,153.89,15049.064,154.582
2026-05-04T08:41:12.927+00:00,request,ServiceA,212,0,26287.039,153.89,15080.108,154.582
2026-05-04T08:41:12.937+00:00,request,ServiceA,835,0,21053.687,153.89,15096.564,154.582
2026-05-04T08:41:13.031+00:00,request,ServiceA,108,0,25619.029,153.89,15125.472,154.582
2026-05-04T08:41:13.032+00:00,request,ServiceA,860,0,26209.465,153.89,15155.839,154.582
2026-05-04T08:41:13.035+00:00,request,ServiceA,801,0,23772.061,153.89,15179.381,154.582
2026-05-04T08:41:13.037+00:00,request,ServiceA,796,0,26429.285,153.89,15210.035,154.582
2026-05-04T08:41:13.039+00:00,request,ServiceA,305,0,26093.32,153.89,15239.609,154.582
2026-05-04T08:41:13.227+00:00,request,ServiceA,959,0,26646.681,153.89,15270.522,154.582
2026-05-04T08:41:13.233+00:00,request,ServiceA,642,0,26448.648,153.89,15300.733,154.582
2026-05-04T08:41:13.318+00:00,request,ServiceA,878,0,26579.677,153.89,15331.135,154.582
2026-05-04T08:41:13.319+00:00,request,ServiceA,639,0,26376.471,153.89,15360.827,154.582
2026-05-04T08:41:13.335+00:00,request,ServiceA,658,0,22608.606,153.89,15380.258,154.582
2026-05-04T08:41:13.336+00:00,request,ServiceA,695,0,26291.309,153.89,15409.432,154.582
2026-05-04T08:41:13.338+00:00,request,ServiceA,49,0,26839.417,153.89,15439.912,154.582
2026-05-04T08:41:13.338+00:00,request,ServiceA,433,0,26672.791,153.89,15469.786,154.582
2026-05-04T08:41:13.340+00:00,request,ServiceA,550,0,26840.836,153.89,15499.948,154.582
2026-05-04T08:41:13.522+00:00,request,ServiceA,221,0,26797.376,153.89,15529.836,154.582
2026-05-04T08:41:13.532+00:00,request,ServiceA,512,0,26522.72,153.89,15558.841,154.582
2026-05-04T08:41:13.532+00:00,request,ServiceA,146,0,26997.124,153.89,15588.941,154.582
2026-05-04T08:41:13.536+00:00,request,ServiceA,687,0,21584.716,153.89,15604.678,154.582
2026-05-04T08:41:13.538+00:00,request,ServiceA,155,0,26563.523,153.89,15633.366,154.582
2026-05-04T08:41:13.616+00:00,request,ServiceA,676,0,26531.478,153.89,15661.821,154.582
2026-05-04T08:41:13.633+00:00,request,ServiceA,18,0,25869.301,153.89,15688.403,154.582
2026-05-04T08:41:13.713+00:00,request,ServiceA,436,0,25795.101,153.89,15714.654,154.582
2026-05-04T08:41:13.817+00:00,request,ServiceA,572,0,26607.646,153.89,15742.874,154.582
2026-05-04T08:41:13.817+00:00,request,ServiceA,394,0,26730.433,153.89,15771.266,154.582
2026-05-04T08:41:13.821+00:00,request,ServiceA,285,0,27179.997,153.89,15800.67,154.582
2026-05-04T08:41:13.833+00:00,request,ServiceA,831,0,26957.09,153.89,15829.35,154.582
2026-05-04T08:41:13.934+00:00,request,ServiceA,475,1,27055.534,153.89,15858.135,154.582
2026-05-04T08:41:13.942+00:00,request,ServiceA,560,0,21270.834,153.89,15871.978,154.582
2026-05-04T08:41:14.329+00:00,request,ServiceA,160,0,26725.447,153.89,15899.665,154.582
2026-05-04T08:41:14.411+00:00,request,ServiceA,915,0,27891.176,153.89,15930.178,154.582
2026-05-04T08:41:14.430+00:00,request,ServiceA,325,0,27724.833,153.89,15960.114,154.582
2026-05-04T08:41:14.434+00:00,request,ServiceA,808,0,27382.246,153.89,15989.031,154.582
2026-05-04T08:41:14.436+00:00,request,ServiceA,777,0,25650.011,153.89,16013.427,154.582
2026-05-04T08:41:14.439+00:00,request,ServiceA,675,1,27669.492,153.89,16042.787,154.582
2026-05-04T08:41:14.522+00:00,request,ServiceA,731,0,25422.098,153.89,16066.353,154.582
2026-05-04T08:41:14.541+00:00,request,ServiceA,904,0,23943.116,153.89,16086.095,154.582
2026-05-04T08:41:14.612+00:00,request,ServiceA,182,0,22632.861,153.89,16102.462,154.582
2026-05-04T08:41:14.619+00:00,request,ServiceA,826,0,26778.801,153.89,16129.086,154.582
2026-05-04T08:41:14.629+00:00,request,ServiceA,547,0,25402.759,153.89,16152.155,154.582
2026-05-04T08:41:14.631+00:00,request,ServiceA,728,0,24326.1,153.89,16172.437,154.582
2026-05-04T08:41:14.634+00:00,request,ServiceA,186,0,28087.505,153.89,16201.93,154.582
2026-05-04T08:41:14.635+00:00,request,ServiceA,762,0,27582.015,153.89,16230.029,154.582
2026-05-04T08:41:14.640+00:00,request,ServiceA,569,0,24042.354,153.89,16249.271,154.582
2026-05-04T08:41:14.715+00:00,request,ServiceA,471,0,28009.876,153.89,16278.167,154.582
2026-05-04T08:41:14.725+00:00,request,ServiceA,376,0,27546.895,153.89,16305.787,154.582
2026-05-04T08:41:14.729+00:00,request,ServiceA,300,0,27486.24,153.89,16333.123,154.582
2026-05-04T08:41:14.732+00:00,request,ServiceA,820,0,27521.706,153.89,16360.412,154.582
2026-05-04T08:41:14.835+00:00,request,ServiceA,399,0,27085.958,153.89,16386.508,154.582
2026-05-04T08:41:14.937+00:00,request,ServiceA,211,0,28329.355,153.89,16415.496,154.582
2026-05-04T08:41:15.019+00:00,request,ServiceA,269,0,25390.982,153.89,16437.228,154.582
2026-05-04T08:41:15.028+00:00,request,ServiceA,576,0,27472.37,153.89,16463.883,154.582
2026-05-04T08:41:15.033+00:00,request,ServiceA,479,0,28251.145,153.89,16492.286,154.582
2026-05-04T08:41:15.034+00:00,request,ServiceA,377,0,28514.21,153.89,16521.185,154.582
2026-05-04T08:41:15.111+00:00,request,ServiceA,158,0,24323.35,153.89,16539.895,154.582
2026-05-04T08:41:15.123+00:00,request,ServiceA,447,0,26006.729,153.89,16562.543,154.582
2026-05-04T08:41:15.126+00:00,request,ServiceA,294,0,28088.685,153.89,16590.052,154.582
2026-05-04T08:41:15.134+00:00,request,ServiceA,152,0,27796.74,153.89,16616.734,154.582
2026-05-04T08:41:15.135+00:00,request,ServiceA,424,0,28208.398,153.89,16644.268,154.582
2026-05-04T08:41:15.136+00:00,request,ServiceA,662,0,26932.055,153.89,16668.647,154.582
2026-05-04T08:41:15.137+00:00,request,ServiceA,99,0,28606.777,153.89,16696.869,154.582
2026-05-04T08:41:15.138+00:00,request,ServiceA,179,0,28529.139,153.89,16724.775,154.582
2026-05-04T08:41:15.139+00:00,request,ServiceA,585,0,28353.532,153.89,16752.137,154.582
2026-05-04T08:41:15.209+00:00,request,ServiceA,112,0,28552.65,153.89,16779.838,154.582
2026-05-04T08:41:15.212+00:00,request,ServiceA,332,0,24486.71,153.89,16797.887,154.582
2026-05-04T08:41:15.216+00:00,request,ServiceA,532,0,26509.22,153.89,16820.577,154.582
2026-05-04T08:41:15.221+00:00,request,ServiceA,743,0,28168.712,153.89,16847.029,154.582
2026-05-04T08:41:15.235+00:00,request,ServiceA,669,0,25622.718,153.89,16867.438,154.582
2026-05-04T08:41:15.326+00:00,request,ServiceA,82,0,27751.351,153.89,16892.691,154.582
2026-05-04T08:41:15.330+00:00,request,ServiceA,354,0,25726.612,153.89,16913.14,154.582
2026-05-04T08:41:15.334+00:00,request,ServiceA,383,0,28846.233,153.89,16940.699,154.582
2026-05-04T08:41:15.335+00:00,request,ServiceA,228,0,27131.782,153.89,16964.18,154.582
2026-05-04T08:41:15.336+00:00,request,ServiceA,55,0,27684.183,153.89,16988.824,154.582
2026-05-04T08:41:15.336+00:00,request,ServiceA,397,0,28774.879,153.89,17015.856,154.582
2026-05-04T08:41:15.418+00:00,request,ServiceA,735,0,27546.717,153.89,17039.954,154.582
2026-05-04T08:41:15.426+00:00,request,ServiceA,819,0,28881.123,153.89,17066.989,154.582
2026-05-04T08:41:15.430+00:00,request,ServiceA,543,0,27589.922,153.89,17090.959,154.582
2026-05-04T08:41:15.448+00:00,request,ServiceA,176,0,24898.234,153.89,17108.703,154.582
2026-05-04T08:41:15.511+00:00,request,ServiceA,976,0,28568.693,153.89,17134.689,154.582
2026-05-04T08:41:15.518+00:00,request,ServiceA,620,0,28385.58,153.89,17160.144,154.582
2026-05-04T08:41:15.612+00:00,request,ServiceA,195,0,28449.031,153.89,17185.627,154.582
2026-05-04T08:41:15.621+00:00,request,ServiceA,899,0,29085.554,153.89,17212.428,154.582
2026-05-04T08:41:15.627+00:00,request,ServiceA,181,0,28289.692,153.89,17237.321,154.582
2026-05-04T08:41:15.709+00:00,request,ServiceA,448,0,28637.386,153.89,17262.882,154.582
2026-05-04T08:41:15.720+00:00,request,ServiceA,103,0,29200.337,153.89,17289.588,154.582
2026-05-04T08:41:15.720+00:00,request,ServiceA,497,0,28667.641,153.89,17314.985,154.582
2026-05-04T08:41:15.722+00:00,request,ServiceA,150,0,25220.441,153.89,17332.592,154.582
2026-05-04T08:41:15.813+00:00,request,ServiceA,537,0,29251.06,153.89,17359.077,154.582
2026-05-04T08:41:15.830+00:00,request,ServiceA,372,0,29045.119,153.89,17384.989,154.582
2026-05-04T08:41:15.837+00:00,request,ServiceA,750,0,28105.851,153.89,17408.707,154.582
2026-05-04T08:41:15.838+00:00,request,ServiceA,518,0,29070.522,153.89,17434.451,154.582
2026-05-04T08:41:15.918+00:00,request,ServiceA,79,0,28882.555,153.89,17459.667,154.582
2026-05-04T08:41:15.934+00:00,request,ServiceA,412,0,29039.568,153.89,17485.117,154.582
2026-05-04T08:41:16.023+00:00,request,ServiceA,738,0,29507.033,153.89,17511.481,154.582
2026-05-04T08:41:16.111+00:00,request,ServiceA,32,0,29165.549,153.89,17536.982,154.582
2026-05-04T08:41:16.119+00:00,request,ServiceA,596,0,29517.044,153.89,17563.14,154.582
2026-05-04T08:41:16.128+00:00,request,ServiceA,274,0,29623.872,153.89,17589.416,154.582
2026-05-04T08:41:16.135+00:00,request,ServiceA,309,0,28579.533,153.89,17613.307,154.582
2026-05-04T08:41:16.224+00:00,request,ServiceA,237,0,26233.542,153.89,17632.006,154.582
2026-05-04T08:41:16.240+00:00,request,ServiceA,770,0,26617.357,153.89,17651.455,154.582
2026-05-04T08:41:16.428+00:00,request,ServiceA,802,0,29264.948,153.89,17676.538,154.582
2026-05-04T08:41:16.429+00:00,request,ServiceA,93,0,29705.74,153.89,17702.463,154.582
2026-05-04T08:41:16.502+00:00,resource,,,,,157.34,17702.463,154.976
2026-05-04T08:41:16.527+00:00,request,ServiceA,391,0,29743.017,157.34,17728.357,154.976
2026-05-04T08:41:16.622+00:00,request,ServiceA,455,0,28828.132,157.34,17752.176,154.976
2026-05-04T08:41:16.636+00:00,request,ServiceA,48,0,27677.172,157.34,17773.429,154.976
2026-05-04T08:41:16.710+00:00,request,ServiceA,439,0,27500.309,157.34,17794.213,154.976
2026-05-04T08:41:16.736+00:00,request,ServiceA,121,0,29749.676,157.34,17819.704,154.976
2026-05-04T08:41:16.928+00:00,request,ServiceA,674,0,28596.991,157.34,17842.635,154.976
2026-05-04T08:41:16.941+00:00,request,ServiceA,866,0,30203.743,157.34,17868.879,154.976
2026-05-04T08:41:17.025+00:00,request,ServiceA,507,0,29782.5,157.34,17894.12,154.976
2026-05-04T08:41:17.036+00:00,request,ServiceA,56,0,30537.207,157.34,17920.849,154.976
2026-05-04T08:41:17.125+00:00,request,ServiceA,313,0,29110.352,157.34,17944.456,154.976
2026-05-04T08:41:17.328+00:00,request,ServiceA,154,0,29472.306,157.34,17968.725,154.976
2026-05-04T08:41:17.514+00:00,request,ServiceA,445,0,30618.101,157.34,17995.299,154.976
2026-05-04T08:41:17.524+00:00,request,ServiceA,245,0,30567.096,157.34,18021.655,154.976
2026-05-04T08:41:17.524+00:00,request,ServiceA,930,0,28881.542,157.34,18044.375,154.976
2026-05-04T08:41:17.721+00:00,request,ServiceA,161,0,30825.541,157.34,18071.058,154.976
2026-05-04T08:41:17.733+00:00,request,ServiceA,795,0,30443.189,157.34,18096.833,154.976
2026-05-04T08:41:17.736+00:00,request,ServiceA,890,0,28581.09,157.34,18118.63,154.976
2026-05-04T08:41:17.737+00:00,request,ServiceA,868,0,31031.978,157.34,18145.421,154.976
2026-05-04T08:41:17.830+00:00,request,ServiceA,792,0,31106.442,157.34,18172.255,154.976
2026-05-04T08:41:17.836+00:00,request,ServiceA,590,0,31306.034,157.34,18199.391,154.976
2026-05-04T08:41:17.838+00:00,request,ServiceA,217,0,30754.848,157.34,18225.279,154.976
2026-05-04T08:41:17.914+00:00,request,ServiceA,13,0,30862.573,157.34,18251.282,154.976
2026-05-04T08:41:18.112+00:00,request,ServiceA,321,0,30145.911,157.34,18275.706,154.976
2026-05-04T08:41:18.324+00:00,request,ServiceA,355,0,31555.572,157.34,18302.919,154.976
2026-05-04T08:41:18.434+00:00,request,ServiceA,553,0,31627.795,157.34,18330.168,154.976
2026-05-04T08:41:18.437+00:00,request,ServiceA,815,0,31907.011,157.34,18357.876,154.976
2026-05-04T08:41:18.521+00:00,request,ServiceA,617,0,31905.277,157.34,18385.467,154.976
2026-05-04T08:41:18.530+00:00,request,ServiceA,72,0,31873.893,157.34,18412.883,154.976
2026-05-04T08:41:18.722+00:00,request,ServiceA,478,0,32238.762,157.34,18440.927,154.976
2026-05-04T08:41:18.725+00:00,request,ServiceA,907,0,32107.936,157.34,18468.593,154.976
2026-05-04T08:41:18.814+00:00,request,ServiceA,472,0,31190.361,157.34,18494.294,154.976
2026-05-04T08:41:18.825+00:00,request,ServiceA,946,0,31251.286,157.34,18520.013,154.976
2026-05-04T08:41:19.231+00:00,request,ServiceA,556,0,32194.055,157.34,18547.527,154.976
2026-05-04T08:41:19.322+00:00,request,ServiceA,149,0,30679.637,157.34,18571.888,154.976
2026-05-04T08:41:19.427+00:00,request,ServiceA,126,0,32942.871,157.34,18600.688,154.976
2026-05-04T08:41:19.516+00:00,request,ServiceA,100,0,33015.587,157.34,18629.518,154.976
2026-05-04T08:41:19.535+00:00,request,ServiceA,520,0,30232.228,157.34,18652.677,154.976
2026-05-04T08:41:19.536+00:00,request,ServiceA,846,0,32534.283,157.34,18680.329,154.976
2026-05-04T08:41:19.539+00:00,request,ServiceA,293,0,32801.85,157.34,18708.404,154.976
2026-05-04T08:41:19.729+00:00,request,ServiceA,869,0,33192.836,157.34,18737.143,154.976
2026-05-04T08:41:19.735+00:00,request,ServiceA,616,0,29086.874,157.34,18757.637,154.976
2026-05-04T08:41:19.909+00:00,request,ServiceA,784,0,32039.209,157.34,18783.886,154.976
2026-05-04T08:41:19.934+00:00,request,ServiceA,167,0,32438.78,157.34,18810.818,154.976
2026-05-04T08:41:19.941+00:00,request,ServiceA,281,0,32209.763,157.34,18837.194,154.976
2026-05-04T08:41:20.019+00:00,request,ServiceA,536,0,33472.225,157.34,18865.947,154.976
2026-05-04T08:41:20.024+00:00,request,ServiceA,409,0,31348.487,157.34,18890.422,154.976
2026-05-04T08:41:20.031+00:00,request,ServiceA,761,0,32852.663,157.34,18917.746,154.976
2026-05-04T08:41:20.121+00:00,request,ServiceA,516,0,33190.365,157.34,18945.622,154.976
2026-05-04T08:41:20.221+00:00,request,ServiceA,659,0,33753.162,157.34,18974.486,154.976
2026-05-04T08:41:20.243+00:00,resource,,,,,153.32,18974.486,154.769
2026-05-04T08:41:20.312+00:00,request,ServiceA,603,0,33654.691,153.32,19003.047,154.769
2026-05-04T08:41:20.325+00:00,request,ServiceA,683,0,33571.982,153.32,19031.336,154.769
2026-05-04T08:41:20.335+00:00,request,ServiceA,193,0,27616.899,153.32,19047.975,154.769
2026-05-04T08:41:20.511+00:00,request,ServiceA,733,0,33111.415,153.32,19075.177,154.769
2026-05-04T08:41:20.529+00:00,request,ServiceA,619,0,33804.733,153.32,19103.612,154.769
2026-05-04T08:41:20.532+00:00,request,ServiceA,997,0,33903.713,153.32,19132.129,154.769
2026-05-04T08:41:20.533+00:00,request,ServiceA,871,0,33747.899,153.32,19160.236,154.769
2026-05-04T08:41:20.533+00:00,request,ServiceA,199,0,33940.896,153.32,19188.606,154.769
2026-05-04T08:41:20.539+00:00,request,ServiceA,832,0,31542.888,153.32,19212.273,154.769
2026-05-04T08:41:20.540+00:00,request,ServiceA,220,0,33708.015,153.32,19239.99,154.769
2026-05-04T08:41:20.625+00:00,request,ServiceA,952,0,34018.211,153.32,19268.192,154.769
2026-05-04T08:41:20.626+00:00,request,ServiceA,495,0,33495.275,153.32,19295.292,154.769
2026-05-04T08:41:20.627+00:00,request,ServiceA,994,0,31718.923,153.32,19318.911,154.769
2026-05-04T08:41:20.632+00:00,request,ServiceA,78,0,33988.141,153.32,19346.746,154.769
2026-05-04T08:41:20.635+00:00,request,ServiceA,290,0,33688.874,153.32,19373.909,154.769
2026-05-04T08:41:20.693+00:00,request,ServiceA,965,0,31862.286,153.32,19397.517,154.769
2026-05-04T08:41:20.724+00:00,request,ServiceA,998,0,30343.683,153.32,19418.17,154.769
2026-05-04T08:41:20.725+00:00,request,ServiceA,298,0,33530.891,153.32,19444.748,154.769
2026-05-04T08:41:20.728+00:00,request,ServiceA,496,0,33614.036,153.32,19471.382,154.769
2026-05-04T08:41:20.728+00:00,request,ServiceA,276,0,33682.5,153.32,19498.044,154.769
2026-05-04T08:41:20.730+00:00,request,ServiceA,151,0,33977.447,153.32,19525.159,154.769
2026-05-04T08:41:20.731+00:00,request,ServiceA,271,0,33741.255,153.32,19551.731,154.769
2026-05-04T08:41:20.732+00:00,request,ServiceA,316,0,33553.865,153.32,19577.855,154.769
2026-05-04T08:41:20.733+00:00,request,ServiceA,898,0,33775.024,153.32,19604.292,154.769
2026-05-04T08:41:20.813+00:00,request,ServiceA,972,0,33917.913,153.32,19630.898,154.769
2026-05-04T08:41:20.826+00:00,request,ServiceA,702,0,33694.926,153.32,19656.991,154.769
2026-05-04T08:41:20.827+00:00,request,ServiceA,75,0,33743.671,153.32,19683.077,154.769
2026-05-04T08:41:20.827+00:00,request,ServiceA,509,0,34218.612,153.32,19709.945,154.769
2026-05-04T08:41:20.831+00:00,request,ServiceA,450,0,33069.084,153.32,19734.593,154.769
2026-05-04T08:41:20.831+00:00,request,ServiceA,243,0,33274.352,153.32,19759.528,154.769
2026-05-04T08:41:20.831+00:00,request,ServiceA,704,0,30481.327,153.32,19779.237,154.769
2026-05-04T08:41:20.834+00:00,request,ServiceA,789,0,29573.061,153.32,19797.207,154.769
2026-05-04T08:41:20.921+00:00,request,ServiceA,837,0,33994.261,153.32,19823.209,154.769
2026-05-04T08:41:20.925+00:00,request,ServiceA,781,0,34014.149,153.32,19849.152,154.769
2026-05-04T08:41:20.933+00:00,request,ServiceA,982,0,34433.273,153.32,19875.766,154.769
2026-05-04T08:41:20.934+00:00,request,ServiceA,92,0,34212.95,153.32,19901.881,154.769
2026-05-04T08:41:21.011+00:00,request,ServiceA,829,0,31318.492,153.32,19922.638,154.769
2026-05-04T08:41:21.014+00:00,request,ServiceA,636,0,33868.675,153.32,19947.949,154.769
2026-05-04T08:41:21.026+00:00,request,ServiceA,612,0,33911.658,153.32,19973.245,154.769
2026-05-04T08:41:21.027+00:00,request,ServiceA,939,0,33706.309,153.32,19998.079,154.769
2026-05-04T08:41:21.035+00:00,request,ServiceA,287,0,34249.962,153.32,20023.805,154.769
2026-05-04T08:41:21.110+00:00,request,ServiceA,330,0,33710.986,153.32,20048.466,154.769
2026-05-04T08:41:21.112+00:00,request,ServiceA,888,0,33787.924,153.32,20073.177,154.769
2026-05-04T08:41:21.114+00:00,request,ServiceA,973,0,34613.858,153.32,20099.283,154.769
2026-05-04T08:41:21.115+00:00,request,ServiceA,427,0,34627.597,153.32,20125.319,154.769
2026-05-04T08:41:21.116+00:00,request,ServiceA,542,0,33088.312,153.32,20148.509,154.769
2026-05-04T08:41:21.117+00:00,request,ServiceA,511,0,34509.911,153.32,20174.154,154.769
2026-05-04T08:41:21.118+00:00,request,ServiceA,694,0,34336.778,153.32,20199.399,154.769
2026-05-04T08:41:21.120+00:00,request,ServiceA,482,0,32413.16,153.32,20221.132,154.769
2026-05-04T08:41:21.121+00:00,request,ServiceA,916,0,34443.98,153.32,20246.395,154.769
2026-05-04T08:41:21.124+00:00,request,ServiceA,61,0,33567.654,153.32,20270.014,154.769
2026-05-04T08:41:21.134+00:00,request,ServiceA,684,0,34397.051,153.32,20295.018,154.769
2026-05-04T08:41:21.136+00:00,request,ServiceA,184,0,34632.395,153.32,20320.349,154.769
2026-05-04T08:41:21.141+00:00,request,ServiceA,775,0,34373.187,153.32,20345.133,154.769
2026-05-04T08:41:21.144+00:00,request,ServiceA,373,0,31733.223,153.32,20365.183,154.769
2026-05-04T08:41:21.208+00:00,request,ServiceA,196,0,34455.047,153.32,20389.945,154.769
2026-05-04T08:41:21.209+00:00,request,ServiceA,654,0,33459.468,153.32,20412.874,154.769
2026-05-04T08:41:21.217+00:00,request,ServiceA,582,0,33617.14,153.32,20435.999,154.769
2026-05-04T08:41:21.220+00:00,request,ServiceA,28,0,34106.401,153.32,20459.898,154.769
2026-05-04T08:41:21.224+00:00,request,ServiceA,937,0,33900.232,153.32,20483.354,154.769
2026-05-04T08:41:21.229+00:00,request,ServiceA,971,0,34269.964,153.32,20507.373,154.769
2026-05-04T08:41:21.231+00:00,request,ServiceA,302,0,34118.102,153.32,20531.044,154.769
2026-05-04T08:41:21.320+00:00,request,ServiceA,456,0,30944.127,153.32,20549.122,154.769
2026-05-04T08:41:21.321+00:00,request,ServiceA,2,0,34898.599,153.32,20573.991,154.769
2026-05-04T08:41:21.322+00:00,request,ServiceA,628,0,33621.665,153.32,20596.565,154.769
2026-05-04T08:41:21.323+00:00,request,ServiceA,763,0,34017.356,153.32,20619.744,154.769
2026-05-04T08:41:21.325+00:00,request,ServiceA,530,0,32099.095,153.32,20639.536,154.769
2026-05-04T08:41:21.393+00:00,request,ServiceA,118,0,34861.887,153.32,20664.015,154.769
2026-05-04T08:41:21.497+00:00,request,ServiceA,629,0,35009.742,153.32,20688.664,154.769
2026-05-04T08:41:21.503+00:00,request,ServiceA,803,0,35020.216,153.32,20713.247,154.769
2026-05-04T08:41:21.517+00:00,request,ServiceA,170,0,33912.708,153.32,20735.848,154.769
2026-05-04T08:41:21.519+00:00,request,ServiceA,727,0,33914.324,153.32,20758.376,154.769
2026-05-04T08:41:21.521+00:00,request,ServiceA,680,0,33728.473,153.32,20780.509,154.769
2026-05-04T08:41:21.583+00:00,request,ServiceA,125,0,35098.703,153.32,20804.901,154.769
2026-05-04T08:41:21.589+00:00,request,ServiceA,292,0,33385.422,153.32,20826.297,154.769
2026-05-04T08:41:21.590+00:00,request,ServiceA,744,0,34269.146,153.32,20849.12,154.769
2026-05-04T08:41:21.594+00:00,request,ServiceA,539,0,33487.323,153.32,20870.54,154.769
2026-05-04T08:41:21.604+00:00,request,ServiceA,881,0,33842.843,153.32,20892.49,154.769
2026-05-04T08:41:21.604+00:00,request,ServiceA,277,0,35067.889,153.32,20916.435,154.769
2026-05-04T08:41:21.690+00:00,request,ServiceA,566,0,32653.221,153.32,20936.227,154.769
2026-05-04T08:41:21.692+00:00,request,ServiceA,232,0,34923.553,153.32,20959.775,154.769
2026-05-04T08:41:21.694+00:00,request,ServiceA,586,0,34814.261,153.32,20983.06,154.769
2026-05-04T08:41:21.701+00:00,request,ServiceA,828,0,33907.398,153.32,21004.745,154.769
2026-05-04T08:41:21.701+00:00,request,ServiceA,65,0,34755.152,153.32,21027.778,154.769
2026-05-04T08:41:21.887+00:00,request,ServiceA,979,0,35449.395,153.32,21051.894,154.769
2026-05-04T08:41:21.892+00:00,request,ServiceA,870,0,31553.006,153.32,21069.425,154.769
2026-05-04T08:41:21.895+00:00,request,ServiceA,776,0,34479.525,153.32,21091.775,154.769
2026-05-04T08:41:21.915+00:00,request,ServiceA,233,0,33840.968,153.32,21112.989,154.769
2026-05-04T08:41:21.923+00:00,request,ServiceA,875,0,35042.669,153.32,21136.128,154.769
2026-05-04T08:41:22.016+00:00,request,ServiceA,753,0,35202.211,153.32,21159.454,154.769
2026-05-04T08:41:22.182+00:00,request,ServiceA,672,0,35111.602,153.32,21182.554,154.769
2026-05-04T08:41:22.192+00:00,request,ServiceA,785,0,35486.851,153.32,21206.197,154.769
2026-05-04T08:41:22.196+00:00,request,ServiceA,431,0,35300.701,153.32,21229.456,154.769
2026-05-04T08:41:22.200+00:00,request,ServiceA,772,0,35542.335,153.32,21253.035,154.769
2026-05-04T08:41:22.200+00:00,request,ServiceA,895,0,33292.127,153.32,21272.837,154.769
2026-05-04T08:41:22.303+00:00,request,ServiceA,331,0,35454.521,153.32,21296.123,154.769
2026-05-04T08:41:22.306+00:00,request,ServiceA,384,0,35760.321,153.32,21319.835,154.769
2026-05-04T08:41:22.313+00:00,request,ServiceA,844,0,35776.793,153.32,21343.496,154.769
2026-05-04T08:41:22.317+00:00,request,ServiceA,938,0,35693.197,153.32,21366.944,154.769
2026-05-04T08:41:22.402+00:00,request,ServiceA,723,0,32774.379,153.32,21385.553,154.769
2026-05-04T08:41:22.688+00:00,request,ServiceA,736,0,35115.061,153.32,21407.913,154.769
2026-05-04T08:41:22.695+00:00,request,ServiceA,314,0,35767.477,153.32,21431.262,154.769
2026-05-04T08:41:22.704+00:00,request,ServiceA,824,0,35573.826,153.32,21454.221,154.769
2026-05-04T08:41:22.718+00:00,request,ServiceA,86,0,33790.934,153.32,21474.216,154.769
2026-05-04T08:41:22.792+00:00,request,ServiceA,912,0,34037.979,153.32,21494.545,154.769
2026-05-04T08:41:22.793+00:00,request,ServiceA,928,0,35583.903,153.32,21517.307,154.769
2026-05-04T08:41:22.802+00:00,request,ServiceA,51,0,35922.829,153.32,21540.542,154.769
2026-05-04T08:41:22.806+00:00,request,ServiceA,852,0,36322.842,153.32,21564.346,154.769
2026-05-04T08:41:22.900+00:00,request,ServiceA,788,0,36163.8,153.32,21587.817,154.769
2026-05-04T08:41:22.916+00:00,request,ServiceA,504,0,34809.513,153.32,21609.04,154.769
2026-05-04T08:41:22.980+00:00,request,ServiceA,782,0,36101.928,153.32,21632.266,154.769
2026-05-04T08:41:22.984+00:00,request,ServiceA,555,0,35283.766,153.32,21654.108,154.769
2026-05-04T08:41:22.988+00:00,request,ServiceA,957,0,36282.425,153.32,21677.476,154.769
2026-05-04T08:41:22.993+00:00,request,ServiceA,346,0,36473.459,153.32,21701.074,154.769
2026-05-04T08:41:22.993+00:00,request,ServiceA,657,0,36524.75,153.32,21724.679,154.769
2026-05-04T08:41:23.001+00:00,request,ServiceA,630,0,31491.638,153.32,21740.207,154.769
2026-05-04T08:41:23.009+00:00,request,ServiceA,634,0,36077.477,153.32,21762.964,154.769
2026-05-04T08:41:23.090+00:00,request,ServiceA,449,0,32365.045,153.32,21779.766,154.769
2026-05-04T08:41:23.095+00:00,request,ServiceA,365,0,34037.447,153.32,21799.161,154.769
2026-05-04T08:41:23.111+00:00,request,ServiceA,187,0,36153.248,153.32,21821.838,154.769
2026-05-04T08:41:23.207+00:00,request,ServiceA,110,0,36565.388,153.32,21845.092,154.769
2026-05-04T08:41:23.313+00:00,request,ServiceA,908,0,36448.392,153.32,21868.09,154.769
2026-05-04T08:41:23.508+00:00,request,ServiceA,593,0,36565.626,153.32,21891.199,154.769
2026-05-04T08:41:23.592+00:00,request,ServiceA,811,0,36425.75,153.32,21914.016,154.769
2026-05-04T08:41:23.620+00:00,request,ServiceA,809,0,36771.772,153.32,21937.304,154.769
2026-05-04T08:41:23.701+00:00,request,ServiceA,105,0,37010.19,153.32,21960.892,154.769
2026-05-04T08:41:23.786+00:00,request,ServiceA,24,0,36655.029,153.32,21983.852,154.769
2026-05-04T08:41:23.804+00:00,request,ServiceA,528,0,36798.887,153.32,22006.964,154.769
2026-05-04T08:41:23.807+00:00,request,ServiceA,527,0,37288.788,153.32,22030.768,154.769
2026-05-04T08:41:23.809+00:00,request,ServiceA,534,0,37005.717,153.32,22054.057,154.769
2026-05-04T08:41:23.812+00:00,request,ServiceA,544,0,37312.28,153.32,22077.75,154.769
2026-05-04T08:41:23.813+00:00,request,ServiceA,521,0,36521.888,153.32,22100.144,154.769
2026-05-04T08:41:23.891+00:00,request,ServiceA,423,0,36948.396,153.32,22123.129,154.769
2026-05-04T08:41:23.904+00:00,request,ServiceA,791,0,36220.256,153.32,22144.917,154.769
2026-05-04T08:41:23.911+00:00,request,ServiceA,34,0,36259.667,153.32,22166.699,154.769
2026-05-04T08:41:23.970+00:00,resource,,,,,100.81,22166.699,148.773
2026-05-04T08:41:24.183+00:00,request,ServiceA,552,0,33955.17,100.81,22184.863,148.773
2026-05-04T08:41:24.186+00:00,request,ServiceA,903,0,37577.481,100.81,22208.544,148.773
2026-05-04T08:41:24.192+00:00,request,ServiceA,947,0,37599.092,100.81,22232.186,148.773
2026-05-04T08:41:24.401+00:00,request,ServiceA,1000,0,37694.543,100.81,22255.901,148.773
2026-05-04T08:41:24.515+00:00,request,ServiceA,873,0,37873.411,100.81,22279.818,148.773
2026-05-04T08:41:24.593+00:00,request,ServiceA,598,0,37808.456,100.81,22303.562,148.773
2026-05-04T08:41:24.690+00:00,request,ServiceA,188,0,37700.03,100.81,22327.068,148.773
2026-05-04T08:41:24.788+00:00,request,ServiceA,991,0,38350.522,100.81,22351.494,148.773
2026-05-04T08:41:24.810+00:00,request,ServiceA,23,0,36701.919,100.81,22373.336,148.773
2026-05-04T08:41:24.812+00:00,request,ServiceA,945,0,37962.769,100.81,22397.028,148.773
2026-05-04T08:41:24.820+00:00,request,ServiceA,927,0,37074.059,100.81,22419.3,148.773
2026-05-04T08:41:24.883+00:00,request,ServiceA,317,0,37779.771,100.81,22442.573,148.773
2026-05-04T08:41:24.919+00:00,request,ServiceA,864,0,34534.083,100.81,22460.866,148.773
2026-05-04T08:41:24.987+00:00,request,ServiceA,148,0,37225.191,100.81,22483.169,148.773
2026-05-04T08:41:25.193+00:00,request,ServiceA,797,0,38534.431,100.81,22507.379,148.773
2026-05-04T08:41:25.197+00:00,request,ServiceA,691,0,38660.465,100.81,22531.706,148.773
2026-05-04T08:41:25.295+00:00,request,ServiceA,558,0,38211.383,100.81,22555.284,148.773
2026-05-04T08:41:25.418+00:00,request,ServiceA,851,0,38810.104,100.81,22579.691,148.773
2026-05-04T08:41:25.497+00:00,request,ServiceA,649,0,36963.571,100.81,22601.256,148.773
2026-05-04T08:41:25.586+00:00,request,ServiceA,652,0,38185.983,100.81,22624.586,148.773
2026-05-04T08:41:25.589+00:00,request,ServiceA,442,0,38382.808,100.81,22648.141,148.773
2026-05-04T08:41:25.606+00:00,request,ServiceA,19,0,38901.802,100.81,22672.4,148.773
2026-05-04T08:41:25.680+00:00,request,ServiceA,615,0,39063.674,100.81,22696.828,148.773
2026-05-04T08:41:25.980+00:00,request,ServiceA,995,0,39557.052,100.81,22721.918,148.773
2026-05-04T08:41:25.984+00:00,request,ServiceA,874,0,38378.27,100.81,22745.182,148.773
2026-05-04T08:41:25.990+00:00,request,ServiceA,26,0,37565.431,100.81,22767.17,148.773
2026-05-04T08:41:26.007+00:00,request,ServiceA,29,0,39128.391,100.81,22791.409,148.773
2026-05-04T08:41:26.101+00:00,request,ServiceA,203,0,39064.706,100.81,22815.482,148.773
2026-05-04T08:41:26.205+00:00,request,ServiceA,974,0,39077.504,100.81,22839.503,148.773
2026-05-04T08:41:26.213+00:00,request,ServiceA,375,0,37374.022,100.81,22860.94,148.773
2026-05-04T08:41:26.287+00:00,request,ServiceA,194,0,37448.497,100.81,22882.424,148.773
2026-05-04T08:41:26.304+00:00,request,ServiceA,324,0,36077.988,100.81,22901.829,148.773
2026-05-04T08:41:26.308+00:00,request,ServiceA,190,0,36232.122,100.81,22921.404,148.773
2026-05-04T08:41:26.389+00:00,request,ServiceA,462,0,39384.693,100.81,22945.543,148.773
2026-05-04T08:41:26.496+00:00,request,ServiceA,760,0,39083.439,100.81,22969.171,148.773
2026-05-04T08:41:26.507+00:00,request,ServiceA,369,0,40004.249,100.81,22994.076,148.773
2026-05-04T08:41:26.590+00:00,request,ServiceA,139,0,39411.542,100.81,23018.044,148.773
2026-05-04T08:41:26.600+00:00,request,ServiceA,454,0,39861.997,100.81,23042.597,148.773
2026-05-04T08:41:26.600+00:00,request,ServiceA,404,0,33701.545,100.81,23058.113,148.773
2026-05-04T08:41:26.602+00:00,request,ServiceA,703,0,39281.153,100.81,23081.693,148.773
2026-05-04T08:41:26.608+00:00,request,ServiceA,416,0,37698.398,100.81,23102.907,148.773
2026-05-04T08:41:26.690+00:00,request,ServiceA,648,0,39133.942,100.81,23126.14,148.773
2026-05-04T08:41:26.693+00:00,request,ServiceA,988,0,40052.918,100.81,23150.636,148.773
2026-05-04T08:41:26.712+00:00,request,ServiceA,41,0,38441.907,100.81,23172.734,148.773
2026-05-04T08:41:26.796+00:00,request,ServiceA,361,0,39379.765,100.81,23196.12,148.773
2026-05-04T08:41:26.797+00:00,request,ServiceA,705,0,39963.969,100.81,23220.282,148.773
2026-05-04T08:41:26.812+00:00,request,ServiceA,205,0,39507.029,100.81,23243.716,148.773
2026-05-04T08:41:26.900+00:00,request,ServiceA,720,0,40275.302,100.81,23268.186,148.773
2026-05-04T08:41:26.981+00:00,request,ServiceA,227,0,39617.818,100.81,23291.644,148.773
2026-05-04T08:41:26.999+00:00,request,ServiceA,911,0,37557.056,100.81,23312.081,148.773
2026-05-04T08:41:27.014+00:00,request,ServiceA,469,0,39409.745,100.81,23335.111,148.773
2026-05-04T08:41:27.057+00:00,resource,,,,,89.52,23335.111,142.848
2026-05-04T08:41:27.089+00:00,request,ServiceA,748,0,40131.333,89.52,23359.105,142.848
2026-05-04T08:41:27.109+00:00,request,ServiceA,587,0,40152.168,89.52,23383.061,142.848
2026-05-04T08:41:27.116+00:00,request,ServiceA,137,0,40140.729,89.52,23406.932,142.848
2026-05-04T08:41:27.192+00:00,request,ServiceA,804,0,40421.238,89.52,23431.135,142.848
2026-05-04T08:41:27.201+00:00,request,ServiceA,490,0,40145.131,89.52,23454.876,142.848
2026-05-04T08:41:27.211+00:00,request,ServiceA,420,0,40691.856,89.52,23479.326,142.848
2026-05-04T08:41:27.296+00:00,request,ServiceA,975,0,39471.351,89.52,23501.978,142.848
2026-05-04T08:41:27.306+00:00,request,ServiceA,240,0,40759.758,89.52,23526.387,142.848
2026-05-04T08:41:27.317+00:00,request,ServiceA,859,0,39586.141,89.52,23549.071,142.848
2026-05-04T08:41:27.396+00:00,request,ServiceA,407,0,40229.281,89.52,23572.597,142.848
2026-05-04T08:41:27.402+00:00,request,ServiceA,575,0,40112.727,89.52,23595.893,142.848
2026-05-04T08:41:27.405+00:00,request,ServiceA,390,0,36991.815,89.52,23614.734,142.848
2026-05-04T08:41:27.414+00:00,request,ServiceA,440,0,40108.935,89.52,23637.9,142.848
2026-05-04T08:41:27.483+00:00,request,ServiceA,278,0,39122.746,89.52,23659.618,142.848
2026-05-04T08:41:27.489+00:00,request,ServiceA,480,0,37876.598,89.52,23679.53,142.848
2026-05-04T08:41:27.504+00:00,request,ServiceA,492,0,39821.121,89.52,23702.105,142.848
2026-05-04T08:41:27.513+00:00,request,ServiceA,822,0,40381.919,89.52,23725.401,142.848
2026-05-04T08:41:27.615+00:00,request,ServiceA,647,0,39477.054,89.52,23747.37,142.848
2026-05-04T08:41:27.683+00:00,request,ServiceA,339,0,40361.46,89.52,23770.509,142.848
2026-05-04T08:41:27.696+00:00,request,ServiceA,282,0,41131.958,89.52,23794.656,142.848
2026-05-04T08:41:27.698+00:00,request,ServiceA,574,0,37939.717,89.52,23814.302,142.848
2026-05-04T08:41:27.786+00:00,request,ServiceA,143,0,40333.478,89.52,23837.213,142.848
2026-05-04T08:41:27.791+00:00,request,ServiceA,857,0,41008.999,89.52,23860.997,142.848
2026-05-04T08:41:27.796+00:00,request,ServiceA,457,0,41139.401,89.52,23884.895,142.848
2026-05-04T08:41:27.798+00:00,request,ServiceA,678,0,41294.008,89.52,23908.941,142.848
2026-05-04T08:41:27.798+00:00,request,ServiceA,341,0,40349.388,89.52,23931.617,142.848
2026-05-04T08:41:27.805+00:00,request,ServiceA,934,0,41367.656,89.52,23955.634,142.848
2026-05-04T08:41:27.806+00:00,request,ServiceA,706,0,39696.98,89.52,23977.287,142.848
2026-05-04T08:41:27.880+00:00,request,ServiceA,379,0,41342.447,89.52,24001.14,142.848
2026-05-04T08:41:27.881+00:00,request,ServiceA,592,0,39804.631,89.52,24022.818,142.848
2026-05-04T08:41:27.893+00:00,request,ServiceA,80,0,41355.473,89.52,24046.561,142.848
2026-05-04T08:41:27.894+00:00,request,ServiceA,635,0,40947.525,89.52,24069.682,142.848
2026-05-04T08:41:27.908+00:00,request,ServiceA,178,0,40680.211,89.52,24092.374,142.848
2026-05-04T08:41:27.908+00:00,request,ServiceA,825,0,40491.76,89.52,24114.747,142.848
2026-05-04T08:41:27.983+00:00,request,ServiceA,466,0,40678.692,89.52,24137.313,142.848
2026-05-04T08:41:27.989+00:00,request,ServiceA,653,0,40937.312,89.52,24160.171,142.848
2026-05-04T08:41:27.991+00:00,request,ServiceA,159,0,41079.867,89.52,24183.159,142.848
2026-05-04T08:41:27.998+00:00,request,ServiceA,30,0,40284.865,89.52,24205.007,142.848
2026-05-04T08:41:28.017+00:00,request,ServiceA,600,0,40411.393,89.52,24226.967,142.848
2026-05-04T08:41:28.082+00:00,request,ServiceA,665,0,37099.493,89.52,24244.386,142.848
2026-05-04T08:41:28.094+00:00,request,ServiceA,204,0,40539.669,89.52,24266.406,142.848
2026-05-04T08:41:28.101+00:00,request,ServiceA,73,0,41423.818,89.52,24289.561,142.848
2026-05-04T08:41:28.107+00:00,request,ServiceA,599,0,41481.934,89.52,24312.731,142.848
2026-05-04T08:41:28.108+00:00,request,ServiceA,668,0,41386.122,89.52,24335.71,142.848
2026-05-04T08:41:28.112+00:00,request,ServiceA,749,0,40555.946,89.52,24357.511,142.848
2026-05-04T08:41:28.183+00:00,request,ServiceA,732,0,41239.86,89.52,24380.172,142.848
2026-05-04T08:41:28.202+00:00,request,ServiceA,403,0,41715.447,89.52,24403.41,142.848
2026-05-04T08:41:28.210+00:00,request,ServiceA,74,0,41552.91,89.52,24426.368,142.848
2026-05-04T08:41:28.290+00:00,request,ServiceA,84,0,41378.771,89.52,24449.031,142.848
2026-05-04T08:41:28.296+00:00,request,ServiceA,67,0,41511.455,89.52,24471.812,142.848
2026-05-04T08:41:28.310+00:00,request,ServiceA,382,0,39402.05,89.52,24491.719,142.848
2026-05-04T08:41:28.316+00:00,request,ServiceA,880,0,41699.393,89.52,24514.632,142.848
2026-05-04T08:41:28.318+00:00,request,ServiceA,902,0,41442.441,89.52,24537.142,142.848
2026-05-04T08:41:28.382+00:00,request,ServiceA,813,0,41600.355,89.52,24559.802,142.848
2026-05-04T08:41:28.406+00:00,request,ServiceA,364,0,40660.982,89.52,24581.157,142.848
2026-05-04T08:41:28.413+00:00,request,ServiceA,444,0,41867.667,89.52,24604.053,142.848
2026-05-04T08:41:28.480+00:00,request,ServiceA,726,0,41568.751,89.52,24626.493,142.848
2026-05-04T08:41:28.494+00:00,request,ServiceA,664,0,41551.371,89.52,24648.851,142.848
2026-05-04T08:41:28.505+00:00,request,ServiceA,501,0,41811.633,89.52,24671.493,142.848
2026-05-04T08:41:28.524+00:00,request,ServiceA,225,0,38691.398,89.52,24689.964,142.848
2026-05-04T08:41:28.589+00:00,request,ServiceA,214,0,41818.973,89.52,24712.503,142.848
2026-05-04T08:41:28.589+00:00,request,ServiceA,724,0,40592.342,89.52,24733.37,142.848
2026-05-04T08:41:28.610+00:00,request,ServiceA,222,0,41664.171,89.52,24755.588,142.848
2026-05-04T08:41:28.611+00:00,request,ServiceA,286,0,41746.369,89.52,24777.857,142.848
2026-05-04T08:41:28.681+00:00,request,ServiceA,591,0,42119.58,89.52,24800.555,142.848
2026-05-04T08:41:28.688+00:00,request,ServiceA,270,0,41742.149,89.52,24822.701,142.848
2026-05-04T08:41:28.691+00:00,request,ServiceA,951,0,41136.489,89.52,24843.999,142.848
2026-05-04T08:41:28.700+00:00,request,ServiceA,226,0,41851.876,89.52,24866.173,142.848
2026-05-04T08:41:28.709+00:00,request,ServiceA,644,0,42003.82,89.52,24888.488,142.848
2026-05-04T08:41:28.718+00:00,request,ServiceA,441,0,41067.109,89.52,24909.526,142.848
2026-05-04T08:41:28.785+00:00,request,ServiceA,805,0,42079.906,89.52,24931.826,142.848
2026-05-04T08:41:28.800+00:00,request,ServiceA,786,0,41686.504,89.52,24953.557,142.848
2026-05-04T08:41:28.886+00:00,request,ServiceA,46,0,42366.511,89.52,24976.112,142.848
2026-05-04T08:41:28.888+00:00,request,ServiceA,116,0,41218.211,89.52,24997.124,142.848
2026-05-04T08:41:28.891+00:00,request,ServiceA,787,0,41869.149,89.52,25018.923,142.848
2026-05-04T08:41:28.898+00:00,request,ServiceA,347,0,42257.819,89.52,25041.166,142.848
2026-05-04T08:41:28.903+00:00,request,ServiceA,76,0,42165.535,89.52,25063.234,142.848
2026-05-04T08:41:28.905+00:00,request,ServiceA,327,0,41192.996,89.52,25083.993,142.848
2026-05-04T08:41:28.907+00:00,request,ServiceA,389,0,42182.546,89.52,25105.97,142.848
2026-05-04T08:41:28.907+00:00,request,ServiceA,677,0,42138.261,89.52,25127.835,142.848
2026-05-04T08:41:28.911+00:00,request,ServiceA,562,0,41779.824,89.52,25149.183,142.848
2026-05-04T08:41:28.912+00:00,request,ServiceA,690,0,42456.306,89.52,25171.344,142.848
2026-05-04T08:41:28.986+00:00,request,ServiceA,817,0,41899.339,89.52,25192.735,142.848
2026-05-04T08:41:28.990+00:00,request,ServiceA,249,0,42204.447,89.52,25214.461,142.848
2026-05-04T08:41:29.001+00:00,request,ServiceA,66,0,42486.053,89.52,25236.491,142.848
2026-05-04T08:41:29.004+00:00,request,ServiceA,948,0,40221.21,89.52,25255.58,142.848
2026-05-04T08:41:29.004+00:00,request,ServiceA,111,0,41399.759,89.52,25276.12,142.848
2026-05-04T08:41:29.006+00:00,request,ServiceA,500,0,42487.687,89.52,25297.99,142.848
2026-05-04T08:41:29.010+00:00,request,ServiceA,517,0,41297.348,89.52,25318.293,142.848
2026-05-04T08:41:29.010+00:00,request,ServiceA,484,0,40616.876,89.52,25337.683,142.848
2026-05-04T08:41:29.015+00:00,request,ServiceA,97,0,41779.195,89.52,25358.495,142.848
2026-05-04T08:41:29.024+00:00,request,ServiceA,709,0,42049.895,89.52,25379.597,142.848
2026-05-04T08:41:29.089+00:00,request,ServiceA,438,0,42480.991,89.52,25401.19,142.848
2026-05-04T08:41:29.096+00:00,request,ServiceA,624,0,40111.569,89.52,25419.74,142.848
2026-05-04T08:41:29.099+00:00,request,ServiceA,142,0,42553.132,89.52,25441.318,142.848
2026-05-04T08:41:29.107+00:00,request,ServiceA,247,0,42542.64,89.52,25462.83,142.848
2026-05-04T08:41:29.122+00:00,request,ServiceA,304,0,40984.217,89.52,25482.329,142.848
2026-05-04T08:41:29.123+00:00,request,ServiceA,931,0,40149.892,89.52,25500.732,142.848
2026-05-04T08:41:29.182+00:00,request,ServiceA,200,0,40072.103,89.52,25518.992,142.848
2026-05-04T08:41:29.188+00:00,request,ServiceA,242,0,42560.265,89.52,25540.32,142.848
2026-05-04T08:41:29.189+00:00,request,ServiceA,559,0,41363.732,89.52,25560.1,142.848
2026-05-04T08:41:29.193+00:00,request,ServiceA,627,0,39170.756,89.52,25577.092,142.848
2026-05-04T08:41:29.202+00:00,request,ServiceA,12,0,42495.936,89.52,25598.188,142.848
2026-05-04T08:41:29.291+00:00,request,ServiceA,174,0,42425.876,89.52,25619.144,142.848
2026-05-04T08:41:29.304+00:00,request,ServiceA,201,0,42189.783,89.52,25639.754,142.848
2026-05-04T08:41:29.313+00:00,request,ServiceA,349,0,41519.509,89.52,25659.48,142.848
2026-05-04T08:41:29.387+00:00,request,ServiceA,838,0,42221.16,89.52,25680.028,142.848
2026-05-04T08:41:29.409+00:00,request,ServiceA,794,0,42684.97,89.52,25701.1,142.848
2026-05-04T08:41:29.413+00:00,request,ServiceA,953,0,42455.349,89.52,25721.835,142.848
2026-05-04T08:41:29.419+00:00,request,ServiceA,353,0,42252.887,89.52,25742.269,142.848
2026-05-04T08:41:29.420+00:00,request,ServiceA,780,0,41199.298,89.52,25761.352,142.848
2026-05-04T08:41:29.486+00:00,request,ServiceA,700,0,42086.597,89.52,25781.482,142.848
2026-05-04T08:41:29.489+00:00,request,ServiceA,834,0,42326.282,89.52,25801.857,142.848
2026-05-04T08:41:29.494+00:00,request,ServiceA,6,0,39982.164,89.52,25819.299,142.848
2026-05-04T08:41:29.495+00:00,request,ServiceA,917,0,39346.763,89.52,25835.918,142.848
2026-05-04T08:41:29.498+00:00,request,ServiceA,996,0,42445.618,89.52,25856.298,142.848
2026-05-04T08:41:29.499+00:00,request,ServiceA,87,0,42891.692,89.52,25877.174,142.848
2026-05-04T08:41:29.599+00:00,request,ServiceA,297,0,42041.653,89.52,25896.96,142.848
2026-05-04T08:41:29.599+00:00,request,ServiceA,661,0,41999.621,89.52,25916.645,142.848
2026-05-04T08:41:29.607+00:00,request,ServiceA,960,0,40996.14,89.52,25935.057,142.848
2026-05-04T08:41:29.612+00:00,request,ServiceA,224,0,42721.961,89.52,25955.529,142.848
2026-05-04T08:41:29.618+00:00,request,ServiceA,123,0,43134.726,89.52,25976.454,142.848
2026-05-04T08:41:29.682+00:00,request,ServiceA,443,0,42723.616,89.52,25996.827,142.848
2026-05-04T08:41:29.688+00:00,request,ServiceA,563,0,42333.177,89.52,26016.677,142.848
2026-05-04T08:41:29.690+00:00,request,ServiceA,166,0,42688.812,89.52,26036.91,142.848
2026-05-04T08:41:29.695+00:00,request,ServiceA,362,0,42685.541,89.52,26057.09,142.848
2026-05-04T08:41:29.700+00:00,request,ServiceA,368,0,43090.814,89.52,26077.712,142.848
2026-05-04T08:41:29.714+00:00,request,ServiceA,208,0,40405.964,89.52,26095.038,142.848
2026-05-04T08:41:29.797+00:00,request,ServiceA,197,0,39680.698,89.52,26111.446,142.848
2026-05-04T08:41:29.800+00:00,request,ServiceA,68,0,41598.148,89.52,26130.127,142.848
2026-05-04T08:41:29.807+00:00,request,ServiceA,651,0,43261.818,89.52,26150.768,142.848
2026-05-04T08:41:29.808+00:00,request,ServiceA,422,0,40518.22,89.52,26168.057,142.848
2026-05-04T08:41:29.812+00:00,request,ServiceA,340,0,42602.017,89.52,26187.809,142.848
2026-05-04T08:41:29.814+00:00,request,ServiceA,451,0,42872.213,89.52,26207.839,142.848
2026-05-04T08:41:29.816+00:00,request,ServiceA,663,0,43110.357,89.52,26228.105,142.848
2026-05-04T08:41:29.883+00:00,request,ServiceA,392,0,42485.356,89.52,26247.575,142.848
2026-05-04T08:41:29.887+00:00,request,ServiceA,954,0,37490.653,89.52,26261.024,142.848
2026-05-04T08:41:29.992+00:00,request,ServiceA,119,0,43492.345,89.52,26281.611,142.848
2026-05-04T08:41:29.995+00:00,request,ServiceA,134,0,43258.786,89.52,26301.87,142.848
2026-05-04T08:41:29.996+00:00,request,ServiceA,637,0,42782.69,89.52,26321.513,142.848
2026-05-04T08:41:30.090+00:00,request,ServiceA,393,0,43464.898,89.52,26341.922,142.848
2026-05-04T08:41:30.092+00:00,request,ServiceA,535,0,37249.455,89.52,26354.892,142.848
2026-05-04T08:41:30.102+00:00,request,ServiceA,605,0,43019.743,89.52,26374.684,142.848
2026-05-04T08:41:30.107+00:00,request,ServiceA,551,0,43608.366,89.52,26395.127,142.848
2026-05-04T08:41:30.108+00:00,request,ServiceA,446,0,43260.145,89.52,26415.109,142.848
2026-05-04T08:41:30.109+00:00,request,ServiceA,525,0,41888.804,89.52,26433.421,142.848
2026-05-04T08:41:30.188+00:00,request,ServiceA,546,0,43688.511,89.52,26453.818,142.848
2026-05-04T08:41:30.195+00:00,request,ServiceA,417,0,42118.216,89.52,26472.311,142.848
2026-05-04T08:41:30.202+00:00,request,ServiceA,94,0,43686.252,89.52,26492.611,142.848
2026-05-04T08:41:30.205+00:00,request,ServiceA,718,0,42789.402,89.52,26511.806,142.848
2026-05-04T08:41:30.210+00:00,request,ServiceA,862,0,42812.211,89.52,26530.983,142.848
2026-05-04T08:41:30.212+00:00,request,ServiceA,175,0,43546.292,89.52,26550.978,142.848
2026-05-04T08:41:30.222+00:00,request,ServiceA,601,0,43703.383,89.52,26571.11,142.848
2026-05-04T08:41:30.286+00:00,request,ServiceA,473,0,41611.76,89.52,26588.742,142.848
2026-05-04T08:41:30.288+00:00,request,ServiceA,790,0,43045.203,89.52,26608.012,142.848
2026-05-04T08:41:30.305+00:00,request,ServiceA,385,0,43409.412,89.52,26627.663,142.848
2026-05-04T08:41:30.310+00:00,request,ServiceA,434,0,43765.577,89.52,26647.684,142.848
2026-05-04T08:41:30.313+00:00,request,ServiceA,842,0,42514.129,89.52,26666.198,142.848
2026-05-04T08:41:30.318+00:00,request,ServiceA,9,0,43484.073,89.52,26685.799,142.848
2026-05-04T08:41:30.321+00:00,request,ServiceA,716,0,39313.162,89.52,26700.499,142.848
2026-05-04T08:41:30.382+00:00,request,ServiceA,692,0,42492.952,89.52,26718.862,142.848
2026-05-04T08:41:30.384+00:00,request,ServiceA,363,0,42826.698,89.52,26737.571,142.848
2026-05-04T08:41:30.386+00:00,request,ServiceA,955,0,43616.433,89.52,26757.152,142.848
2026-05-04T08:41:30.407+00:00,request,ServiceA,849,0,43460.94,89.52,26776.507,142.848
2026-05-04T08:41:30.411+00:00,request,ServiceA,697,0,43578.98,89.52,26795.955,142.848
2026-05-04T08:41:30.489+00:00,request,ServiceA,238,0,43443.978,89.52,26815.201,142.848
2026-05-04T08:41:30.493+00:00,request,ServiceA,69,0,43330.633,89.52,26834.272,142.848
2026-05-04T08:41:30.495+00:00,request,ServiceA,328,0,42800.319,89.52,26852.687,142.848
2026-05-04T08:41:30.499+00:00,request,ServiceA,132,0,43509.198,89.52,26871.877,142.848
2026-05-04T08:41:30.515+00:00,request,ServiceA,508,0,42801.735,89.52,26890.208,142.848
2026-05-04T08:41:30.520+00:00,request,ServiceA,650,0,43988.712,89.52,26909.861,142.848
2026-05-04T08:41:30.521+00:00,request,ServiceA,977,0,42932.036,89.52,26928.256,142.848
2026-05-04T08:41:30.522+00:00,request,ServiceA,756,0,43975.928,89.52,26947.806,142.848
2026-05-04T08:41:30.581+00:00,request,ServiceA,708,0,43939.78,89.52,26967.27,142.848
2026-05-04T08:41:30.585+00:00,request,ServiceA,978,0,43531.863,89.52,26986.223,142.848
2026-05-04T08:41:30.589+00:00,request,ServiceA,39,0,42621.737,89.52,27004.092,142.848
2026-05-04T08:41:30.591+00:00,request,ServiceA,923,0,43838.428,89.52,27023.309,142.848
2026-05-04T08:41:30.592+00:00,request,ServiceA,131,0,43589.998,89.52,27042.2,142.848
2026-05-04T08:41:30.594+00:00,request,ServiceA,919,0,43385.033,89.52,27060.813,142.848
2026-05-04T08:41:30.632+00:00,request,ServiceA,54,0,43976.215,89.52,27080.057,142.848
2026-05-04T08:41:30.633+00:00,request,ServiceA,910,0,42730.067,89.52,27097.841,142.848
2026-05-04T08:41:30.724+00:00,request,ServiceA,671,0,43120.459,89.52,27116.028,142.848
2026-05-04T08:41:30.731+00:00,request,ServiceA,921,0,43257.615,89.52,27134.329,142.848
2026-05-04T08:41:30.733+00:00,request,ServiceA,766,0,43899.905,89.52,27153.316,142.848
2026-05-04T08:41:30.735+00:00,request,ServiceA,853,0,43928.689,89.52,27172.293,142.848
2026-05-04T08:41:30.768+00:00,resource,,,,,114.64,27172.293,140.284
2026-05-04T08:41:30.812+00:00,request,ServiceA,943,0,42608.832,114.64,27189.735,140.284
2026-05-04T08:41:30.816+00:00,request,ServiceA,854,0,40435.834,114.64,27204.686,140.284
2026-05-04T08:41:30.816+00:00,request,ServiceA,144,0,43771.645,114.64,27223.363,140.284
2026-05-04T08:41:30.817+00:00,request,ServiceA,62,0,43606.445,114.64,27241.813,140.284
2026-05-04T08:41:30.819+00:00,request,ServiceA,814,0,44256.892,114.64,27260.952,140.284
2026-05-04T08:41:30.821+00:00,request,ServiceA,935,0,44212.399,114.64,27279.999,140.284
2026-05-04T08:41:30.825+00:00,request,ServiceA,999,0,44325.578,114.64,27299.13,140.284
2026-05-04T08:41:30.826+00:00,request,ServiceA,905,0,43520.595,114.64,27317.315,140.284
2026-05-04T08:41:30.827+00:00,request,ServiceA,47,0,44219.876,114.64,27336.243,140.284
2026-05-04T08:41:30.828+00:00,request,ServiceA,255,0,43538.976,114.64,27354.367,140.284
2026-05-04T08:41:30.829+00:00,request,ServiceA,861,0,44045.295,114.64,27373.016,140.284
2026-05-04T08:41:30.830+00:00,request,ServiceA,350,0,44223.586,114.64,27391.823,140.284
2026-05-04T08:41:30.831+00:00,request,ServiceA,326,0,42705.577,114.64,27408.895,140.284
2026-05-04T08:41:30.832+00:00,request,ServiceA,306,0,43941.678,114.64,27427.305,140.284
2026-05-04T08:41:30.833+00:00,request,ServiceA,771,0,44216.954,114.64,27445.981,140.284
2026-05-04T08:41:30.837+00:00,request,ServiceA,319,0,42997.487,114.64,27463.261,140.284
2026-05-04T08:41:30.839+00:00,request,ServiceA,798,0,42123.852,114.64,27479.532,140.284
2026-05-04T08:41:30.892+00:00,request,ServiceA,315,0,44028.371,114.64,27497.879,140.284
2026-05-04T08:41:30.925+00:00,request,ServiceA,264,0,43982.23,114.64,27516.134,140.284
2026-05-04T08:41:30.925+00:00,request,ServiceA,288,0,44143.68,114.64,27534.527,140.284
2026-05-04T08:41:30.933+00:00,request,ServiceA,96,0,43202.165,114.64,27551.84,140.284
2026-05-04T08:41:30.933+00:00,request,ServiceA,147,0,42572.985,114.64,27568.419,140.284
2026-05-04T08:41:31.028+00:00,request,ServiceA,299,0,44195.921,114.64,27586.752,140.284
2026-05-04T08:41:31.031+00:00,request,ServiceA,428,0,44084.484,114.64,27604.921,140.284
2026-05-04T08:41:31.032+00:00,request,ServiceA,239,0,41118.427,114.64,27619.787,140.284
2026-05-04T08:41:31.038+00:00,request,ServiceA,872,0,43801.599,114.64,27637.57,140.284
2026-05-04T08:41:31.115+00:00,request,ServiceA,283,0,43371.376,114.64,27654.841,140.284
2026-05-04T08:41:31.135+00:00,request,ServiceA,85,0,44651.461,114.64,27673.477,140.284
2026-05-04T08:41:31.214+00:00,request,ServiceA,896,0,44349.822,114.64,27691.743,140.284
2026-05-04T08:41:31.218+00:00,request,ServiceA,858,0,44688.025,114.64,27710.338,140.284
2026-05-04T08:41:31.221+00:00,request,ServiceA,742,0,44718.167,114.64,27728.926,140.284
2026-05-04T08:41:31.223+00:00,request,ServiceA,312,0,43806.43,114.64,27746.478,140.284
2026-05-04T08:41:31.280+00:00,request,ServiceA,461,0,44826.798,114.64,27765.104,140.284
2026-05-04T08:41:31.281+00:00,request,ServiceA,773,0,44322.863,114.64,27783.141,140.284
2026-05-04T08:41:31.285+00:00,request,ServiceA,101,0,44197.597,114.64,27801.002,140.284
2026-05-04T08:41:31.286+00:00,request,ServiceA,779,0,43524.578,114.64,27818.093,140.284
2026-05-04T08:41:31.291+00:00,request,ServiceA,625,0,44504.306,114.64,27836.21,140.284
2026-05-04T08:41:31.295+00:00,request,ServiceA,280,0,44749.365,114.64,27854.554,140.284
2026-05-04T08:41:31.314+00:00,request,ServiceA,758,0,43951.352,114.64,27871.994,140.284
2026-05-04T08:41:31.315+00:00,request,ServiceA,746,0,43735.659,114.64,27889.163,140.284
2026-05-04T08:41:31.316+00:00,request,ServiceA,272,0,44467.39,114.64,27907.085,140.284
2026-05-04T08:41:31.318+00:00,request,ServiceA,157,0,43635.218,114.64,27924.07,140.284
2026-05-04T08:41:31.401+00:00,request,ServiceA,169,0,42454.615,114.64,27939.745,140.284
2026-05-04T08:41:31.493+00:00,request,ServiceA,855,0,44815.984,114.64,27957.93,140.284
2026-05-04T08:41:31.497+00:00,request,ServiceA,43,0,44331.174,114.64,27975.555,140.284
2026-05-04T08:41:31.508+00:00,request,ServiceA,259,0,44739.501,114.64,27993.581,140.284
2026-05-04T08:41:31.587+00:00,request,ServiceA,366,0,44864.951,114.64,28011.702,140.284
2026-05-04T08:41:31.596+00:00,request,ServiceA,452,0,44178.412,114.64,28029.049,140.284
2026-05-04T08:41:31.597+00:00,request,ServiceA,165,0,44813.107,114.64,28047.038,140.284
2026-05-04T08:41:31.598+00:00,request,ServiceA,273,0,42954.101,114.64,28062.999,140.284
2026-05-04T08:41:31.607+00:00,request,ServiceA,191,0,44712.83,114.64,28080.806,140.284
2026-05-04T08:41:31.619+00:00,request,ServiceA,545,0,44255.757,114.64,28098.087,140.284
2026-05-04T08:41:31.620+00:00,request,ServiceA,415,0,45026.555,114.64,28116.153,140.284
2026-05-04T08:41:31.733+00:00,request,ServiceA,122,0,44497.391,114.64,28133.617,140.284
2026-05-04T08:41:32.220+00:00,request,ServiceA,696,0,41572.059,114.64,28147.929,140.284
2026-05-04T08:41:32.226+00:00,request,ServiceA,793,0,45689.163,114.64,28166.59,140.284
2026-05-04T08:41:32.227+00:00,request,ServiceA,275,0,45015.805,114.64,28184.495,140.284
2026-05-04T08:41:32.233+00:00,request,ServiceA,357,0,44296.668,114.64,28201.6,140.284
2026-05-04T08:41:32.234+00:00,request,ServiceA,845,0,45070.644,114.64,28219.488,140.284
2026-05-04T08:41:32.319+00:00,request,ServiceA,711,0,45189.316,114.64,28237.465,140.284
2026-05-04T08:41:32.330+00:00,request,ServiceA,673,0,44726.01,114.64,28254.913,140.284
2026-05-04T08:41:32.331+00:00,request,ServiceA,253,0,45673.631,114.64,28273.326,140.284
2026-05-04T08:41:32.332+00:00,request,ServiceA,246,0,45828.013,114.64,28291.863,140.284
2026-05-04T08:41:32.425+00:00,request,ServiceA,714,0,45860.641,114.64,28310.396,140.284
2026-05-04T08:41:32.426+00:00,request,ServiceA,494,0,45906.973,114.64,28328.938,140.284
2026-05-04T08:41:32.692+00:00,request,ServiceA,540,0,45983.661,114.64,28347.522,140.284
2026-05-04T08:41:32.694+00:00,request,ServiceA,411,0,44492.263,114.64,28364.498,140.284
2026-05-04T08:41:32.697+00:00,request,ServiceA,949,0,46159.677,114.64,28383.191,140.284
2026-05-04T08:41:32.698+00:00,request,ServiceA,577,0,46040.075,114.64,28401.719,140.284
2026-05-04T08:41:32.810+00:00,request,ServiceA,565,0,45520.474,114.64,28419.663,140.284
2026-05-04T08:41:32.810+00:00,request,ServiceA,345,0,45865.319,114.64,28437.93,140.284
2026-05-04T08:41:32.880+00:00,request,ServiceA,883,0,45130.627,114.64,28455.391,140.284
2026-05-04T08:41:32.884+00:00,request,ServiceA,581,0,44267.057,114.64,28471.914,140.284
2026-05-04T08:41:32.904+00:00,request,ServiceA,90,0,45693.642,114.64,28489.89,140.284
2026-05-04T08:41:32.908+00:00,request,ServiceA,432,0,45303.972,114.64,28507.423,140.284
2026-05-04T08:41:33.083+00:00,request,ServiceA,549,0,45480.059,114.64,28525.103,140.284
2026-05-04T08:41:33.097+00:00,request,ServiceA,992,0,45493.869,114.64,28542.76,140.284
2026-05-04T08:41:33.101+00:00,request,ServiceA,342,0,46096.282,114.64,28561.007,140.284
2026-05-04T08:41:33.102+00:00,request,ServiceA,252,0,45606.995,114.64,28578.708,140.284
2026-05-04T08:41:33.196+00:00,request,ServiceA,251,0,46395.027,114.64,28597.19,140.284
2026-05-04T08:41:33.198+00:00,request,ServiceA,414,0,46399.656,114.64,28615.638,140.284
2026-05-04T08:41:33.287+00:00,request,ServiceA,33,0,45321.043,114.64,28632.931,140.284
2026-05-04T08:41:33.291+00:00,request,ServiceA,920,0,46163.063,114.64,28651.06,140.284
2026-05-04T08:41:33.293+00:00,request,ServiceA,42,0,46635.085,114.64,28669.638,140.284
2026-05-04T08:41:33.305+00:00,request,ServiceA,268,0,46191.7,114.64,28687.721,140.284
2026-05-04T08:41:33.314+00:00,request,ServiceA,129,0,46135.406,114.64,28705.708,140.284
2026-05-04T08:41:33.393+00:00,request,ServiceA,667,0,46071.969,114.64,28723.593,140.284
2026-05-04T08:41:33.401+00:00,request,ServiceA,499,0,42971.171,114.64,28738.251,140.284
2026-05-04T08:41:33.411+00:00,request,ServiceA,759,0,45649.022,114.64,28755.631,140.284
2026-05-04T08:41:33.415+00:00,request,ServiceA,892,0,46519.974,114.64,28773.87,140.284
2026-05-04T08:41:33.479+00:00,request,ServiceA,807,0,43679.896,114.64,28789.158,140.284
2026-05-04T08:41:33.485+00:00,request,ServiceA,712,0,47002.118,114.64,28807.819,140.284
2026-05-04T08:41:33.582+00:00,request,ServiceA,778,0,46796.631,114.64,28826.231,140.284
2026-05-04T08:41:33.585+00:00,request,ServiceA,180,0,46610.404,114.64,28844.415,140.284
2026-05-04T08:41:33.602+00:00,request,ServiceA,371,0,42858.775,114.64,28858.73,140.284
2026-05-04T08:41:33.604+00:00,request,ServiceA,891,0,45778.445,114.64,28875.995,140.284
2026-05-04T08:41:33.608+00:00,request,ServiceA,506,0,46750.17,114.64,28894.216,140.284
2026-05-04T08:41:33.618+00:00,request,ServiceA,296,0,44778.699,114.64,28910.391,140.284
2026-05-04T08:41:33.682+00:00,request,ServiceA,922,0,47026.327,114.64,28928.821,140.284
2026-05-04T08:41:33.703+00:00,request,ServiceA,729,0,46870.701,114.64,28947.054,140.284
2026-05-04T08:41:33.708+00:00,request,ServiceA,91,0,47001.477,114.64,28965.384,140.284
2026-05-04T08:41:33.713+00:00,request,ServiceA,113,0,47230.204,114.64,28983.908,140.284
2026-05-04T08:41:33.781+00:00,request,ServiceA,812,0,42173.617,114.64,28997.271,140.284
2026-05-04T08:41:33.785+00:00,request,ServiceA,234,0,46227.746,114.64,29014.711,140.284
2026-05-04T08:41:33.795+00:00,request,ServiceA,388,0,46982.236,114.64,29032.878,140.284
2026-05-04T08:41:33.926+00:00,request,ServiceA,850,0,46983.936,114.64,29051.011,140.284
2026-05-04T08:41:33.941+00:00,request,ServiceA,613,0,47378.671,114.64,29069.505,140.284
2026-05-04T08:41:33.961+00:00,request,ServiceA,510,0,47462.006,114.64,29088.046,140.284
2026-05-04T08:41:33.996+00:00,request,ServiceA,757,0,44786.826,114.64,29103.855,140.284
2026-05-04T08:41:34.090+00:00,request,ServiceA,847,0,47304.765,114.64,29122.166,140.284
2026-05-04T08:41:34.091+00:00,request,ServiceA,162,0,47560.916,114.64,29140.697,140.284
2026-05-04T08:41:34.104+00:00,request,ServiceA,89,0,47144.885,114.64,29158.774,140.284
2026-05-04T08:41:34.110+00:00,request,ServiceA,608,0,45479.111,114.64,29175.143,140.284
2026-05-04T08:41:34.115+00:00,request,ServiceA,107,0,46901.424,114.64,29192.905,140.284
2026-05-04T08:41:34.523+00:00,resource,,,,,81.13,29192.905,135.354
2026-05-04T08:41:35.756+00:00,request,ServiceA,8,0,47886.074,81.13,29211.617,135.354
2026-05-04T08:41:35.779+00:00,request,ServiceA,429,0,48441.432,81.13,29230.847,135.354
2026-05-04T08:41:37.561+00:00,resource,,,,,0.07,29230.847,124.948
